Tank,Temp,Date
AQUA_225_TEMPERATURE_2,22.4,2019-01-18 11:47:35
AQUA_225_TEMPERATURE_2,23.5,2019-01-18 12:32:02
AQUA_225_TEMPERATURE_2,24.1,2019-01-18 13:15:10
AQUA_225_TEMPERATURE_2,24.5,2019-01-18 13:59:37
AQUA_225_TEMPERATURE_2,24.1,2019-01-18 15:30:20
AQUA_225_TEMPERATURE_2,23.4,2019-01-18 16:15:10
AQUA_225_TEMPERATURE_2,23.3,2019-01-18 17:00:46
AQUA_225_TEMPERATURE_2,23.2,2019-01-18 17:44:33
AQUA_225_TEMPERATURE_2,23.3,2019-01-18 18:28:43
AQUA_225_TEMPERATURE_2,23.4,2019-01-18 19:13:22
AQUA_225_TEMPERATURE_2,23.1,2019-01-18 20:03:25
AQUA_225_TEMPERATURE_2,23.2,2019-01-18 21:31:34
AQUA_225_TEMPERATURE_2,23.3,2019-01-18 22:15:44
AQUA_225_TEMPERATURE_2,23.4,2019-01-18 23:00:06
AQUA_225_TEMPERATURE_2,23.3,2019-01-18 23:44:10
AQUA_225_TEMPERATURE_2,23,2019-01-19 00:28:15
AQUA_225_TEMPERATURE_2,22.9,2019-01-19 01:11:39
AQUA_225_TEMPERATURE_2,23,2019-01-19 01:54:52
AQUA_225_TEMPERATURE_2,23.1,2019-01-19 03:21:25
AQUA_225_TEMPERATURE_2,23,2019-01-19 04:04:27
AQUA_225_TEMPERATURE_2,22.9,2019-01-19 05:30:25
AQUA_225_TEMPERATURE_2,22.8,2019-01-19 07:40:28
AQUA_225_TEMPERATURE_2,23.7,2019-01-19 09:04:38
AQUA_225_TEMPERATURE_2,25.6,2019-01-19 09:46:03
AQUA_225_TEMPERATURE_2,26.5,2019-01-19 10:30:47
AQUA_225_TEMPERATURE_2,26.7,2019-01-19 11:12:18
AQUA_225_TEMPERATURE_2,26.9,2019-01-19 11:54:29
AQUA_225_TEMPERATURE_2,26.8,2019-01-19 12:36:51
AQUA_225_TEMPERATURE_2,27,2019-01-19 14:01:24
AQUA_225_TEMPERATURE_2,26.8,2019-01-19 14:43:46
AQUA_225_TEMPERATURE_2,26.9,2019-01-19 15:26:03
AQUA_225_TEMPERATURE_2,27.1,2019-01-19 16:50:47
AQUA_225_TEMPERATURE_2,27.2,2019-01-19 17:33:20
AQUA_225_TEMPERATURE_2,27.3,2019-01-19 18:16:11
AQUA_225_TEMPERATURE_2,27.2,2019-01-19 18:59:13
AQUA_225_TEMPERATURE_2,27.4,2019-01-19 20:25:57
AQUA_225_TEMPERATURE_2,27,2019-01-19 21:52:46
AQUA_225_TEMPERATURE_2,27.1,2019-01-19 22:36:00
AQUA_225_TEMPERATURE_2,27.2,2019-01-19 23:19:30
AQUA_225_TEMPERATURE_2,27,2019-01-20 01:29:55
AQUA_225_TEMPERATURE_2,26.9,2019-01-20 02:13:09
AQUA_225_TEMPERATURE_2,27.1,2019-01-20 02:56:11
AQUA_225_TEMPERATURE_2,27,2019-01-20 04:21:23
AQUA_225_TEMPERATURE_2,27.1,2019-01-20 05:04:08
AQUA_225_TEMPERATURE_2,27.2,2019-01-20 05:46:47
AQUA_225_TEMPERATURE_2,26.9,2019-01-20 06:29:20
AQUA_225_TEMPERATURE_2,26.6,2019-01-20 07:11:48
AQUA_225_TEMPERATURE_2,26.4,2019-01-20 07:53:53
AQUA_225_TEMPERATURE_2,26.5,2019-01-20 08:35:30
AQUA_225_TEMPERATURE_2,27,2019-01-20 09:16:49
AQUA_225_TEMPERATURE_2,27.3,2019-01-20 09:57:54
AQUA_225_TEMPERATURE_2,27.1,2019-01-20 10:38:57
AQUA_225_TEMPERATURE_2,27,2019-01-20 11:19:59
AQUA_225_TEMPERATURE_2,27.1,2019-01-20 12:01:07
AQUA_225_TEMPERATURE_2,27.2,2019-01-20 12:42:10
AQUA_225_TEMPERATURE_2,27.4,2019-01-20 15:23:58
AQUA_225_TEMPERATURE_2,27.7,2019-01-20 16:46:08
AQUA_225_TEMPERATURE_2,27.7,2019-01-20 16:48:10
AQUA_225_TEMPERATURE_2,27.6,2019-01-20 17:27:23
AQUA_225_TEMPERATURE_2,27.5,2019-01-20 18:49:51
AQUA_225_TEMPERATURE_2,27.8,2019-01-20 19:31:17
AQUA_225_TEMPERATURE_2,27.6,2019-01-20 20:12:42
AQUA_225_TEMPERATURE_2,27.9,2019-01-20 20:54:19
AQUA_225_TEMPERATURE_2,27.7,2019-01-20 22:18:00
AQUA_225_TEMPERATURE_2,27.8,2019-01-20 23:00:00
AQUA_225_TEMPERATURE_2,27.7,2019-01-20 23:42:11
AQUA_225_TEMPERATURE_2,27.8,2019-01-21 00:24:21
AQUA_225_TEMPERATURE_2,27.6,2019-01-21 01:06:32
AQUA_225_TEMPERATURE_2,28.1,2019-01-21 01:48:37
AQUA_225_TEMPERATURE_2,27.9,2019-01-21 02:30:48
AQUA_225_TEMPERATURE_2,27.7,2019-01-21 03:12:48
AQUA_225_TEMPERATURE_2,28,2019-01-21 03:54:53
AQUA_225_TEMPERATURE_2,27.6,2019-01-21 06:00:45
AQUA_225_TEMPERATURE_2,27.5,2019-01-21 07:24:38
AQUA_225_TEMPERATURE_2,27.4,2019-01-21 08:06:32
AQUA_225_TEMPERATURE_2,27.6,2019-01-21 08:48:26
AQUA_225_TEMPERATURE_2,27.9,2019-01-21 12:39:37
AQUA_225_TEMPERATURE_2,28.2,2019-01-21 13:21:13
AQUA_225_TEMPERATURE_2,28.7,2019-01-21 14:50:25
AQUA_225_TEMPERATURE_2,28.9,2019-01-21 15:31:56
AQUA_225_TEMPERATURE_2,29.2,2019-01-21 16:55:09
AQUA_225_TEMPERATURE_2,29.1,2019-01-21 17:36:57
AQUA_225_TEMPERATURE_2,28.9,2019-01-21 18:18:45
AQUA_225_TEMPERATURE_2,29.1,2019-01-21 19:00:33
AQUA_225_TEMPERATURE_2,29,2019-01-21 19:42:21
AQUA_225_TEMPERATURE_2,28.6,2019-01-21 20:24:15
AQUA_225_TEMPERATURE_2,28.8,2019-01-21 21:05:57
AQUA_225_TEMPERATURE_2,28.6,2019-01-21 21:47:45
AQUA_225_TEMPERATURE_2,28.8,2019-01-21 22:29:39
AQUA_225_TEMPERATURE_2,28.7,2019-01-21 23:11:44
AQUA_225_TEMPERATURE_2,28.6,2019-01-21 23:53:55
AQUA_225_TEMPERATURE_2,28.8,2019-01-22 01:18:39
AQUA_225_TEMPERATURE_2,28.6,2019-01-22 02:00:44
AQUA_225_TEMPERATURE_2,28.8,2019-01-22 02:42:38
AQUA_225_TEMPERATURE_2,28.5,2019-01-22 03:24:20
AQUA_225_TEMPERATURE_2,28.7,2019-01-22 04:06:08
AQUA_225_TEMPERATURE_2,28.4,2019-01-22 04:47:56
AQUA_225_TEMPERATURE_2,28.8,2019-01-22 05:29:50
AQUA_225_TEMPERATURE_2,29,2019-01-22 06:11:55
AQUA_225_TEMPERATURE_2,28.7,2019-01-22 07:05:39
AQUA_225_TEMPERATURE_2,29.3,2019-01-22 07:47:44
AQUA_225_TEMPERATURE_2,29.1,2019-01-22 08:47:27
AQUA_225_TEMPERATURE_2,29.2,2019-01-22 09:28:29
AQUA_225_TEMPERATURE_2,29.1,2019-01-22 10:09:26
AQUA_225_TEMPERATURE_2,28.9,2019-01-22 10:50:17
AQUA_225_TEMPERATURE_2,29.7,2019-01-22 11:31:08
AQUA_225_TEMPERATURE_2,29.8,2019-01-22 12:12:05
AQUA_225_TEMPERATURE_2,30.2,2019-01-22 13:34:38
AQUA_225_TEMPERATURE_2,30.5,2019-01-22 14:16:09
AQUA_225_TEMPERATURE_2,30.4,2019-01-22 14:57:52
AQUA_225_TEMPERATURE_2,30.5,2019-01-22 15:39:40
AQUA_225_TEMPERATURE_2,30.6,2019-01-22 17:03:27
AQUA_225_TEMPERATURE_2,30.4,2019-01-22 18:27:03
AQUA_225_TEMPERATURE_2,30.1,2019-01-22 19:08:57
AQUA_225_TEMPERATURE_2,30.4,2019-01-22 19:50:56
AQUA_225_TEMPERATURE_2,30.5,2019-01-22 20:32:50
AQUA_225_TEMPERATURE_2,30.8,2019-01-22 21:14:55
AQUA_225_TEMPERATURE_2,30.7,2019-01-22 21:57:11
AQUA_225_TEMPERATURE_2,30.4,2019-01-22 22:39:28
AQUA_225_TEMPERATURE_2,30.2,2019-01-22 23:22:07
AQUA_225_TEMPERATURE_2,29.8,2019-01-23 00:47:42
AQUA_225_TEMPERATURE_2,29.9,2019-01-23 01:30:33
AQUA_225_TEMPERATURE_2,29.4,2019-01-23 02:13:29
AQUA_225_TEMPERATURE_2,29.2,2019-01-23 02:56:26
AQUA_225_TEMPERATURE_2,29.3,2019-01-23 03:39:05
AQUA_225_TEMPERATURE_2,29.4,2019-01-23 04:21:50
AQUA_225_TEMPERATURE_2,29.6,2019-01-23 05:04:35
AQUA_225_TEMPERATURE_2,29.5,2019-01-23 06:30:50
AQUA_225_TEMPERATURE_2,29.2,2019-01-23 07:14:09
AQUA_225_TEMPERATURE_2,29,2019-01-23 07:57:16
AQUA_225_TEMPERATURE_2,29.1,2019-01-23 08:40:30
AQUA_225_TEMPERATURE_2,29.3,2019-01-23 09:23:26
AQUA_225_TEMPERATURE_2,30.1,2019-01-23 15:21:54
AQUA_225_TEMPERATURE_2,30,2019-01-23 16:03:59
AQUA_225_TEMPERATURE_2,30.1,2019-01-23 16:46:04
AQUA_225_TEMPERATURE_2,30.3,2019-01-23 17:28:15
AQUA_225_TEMPERATURE_2,30.1,2019-01-23 18:10:37
AQUA_225_TEMPERATURE_2,30.5,2019-01-23 19:35:27
AQUA_225_TEMPERATURE_2,30.4,2019-01-23 20:18:01
AQUA_225_TEMPERATURE_2,30.3,2019-01-23 21:00:57
AQUA_225_TEMPERATURE_2,30.6,2019-01-23 21:43:53
AQUA_225_TEMPERATURE_2,30.7,2019-01-23 22:26:44
AQUA_225_TEMPERATURE_2,30.6,2019-01-23 23:09:51
AQUA_225_TEMPERATURE_2,30.8,2019-01-23 23:52:36
AQUA_225_TEMPERATURE_2,30.6,2019-01-24 00:35:27
AQUA_225_TEMPERATURE_2,30.8,2019-01-24 01:18:17
AQUA_225_TEMPERATURE_2,30.6,2019-01-24 02:01:08
AQUA_225_TEMPERATURE_2,30.8,2019-01-24 02:43:47
AQUA_225_TEMPERATURE_2,30.6,2019-01-24 03:26:26
AQUA_225_TEMPERATURE_2,30.9,2019-01-24 04:08:54
AQUA_225_TEMPERATURE_2,31,2019-01-24 04:51:05
AQUA_225_TEMPERATURE_2,30.9,2019-01-24 05:33:16
AQUA_225_TEMPERATURE_2,30.7,2019-01-24 06:15:27
AQUA_225_TEMPERATURE_2,30.9,2019-01-24 06:57:49
AQUA_225_TEMPERATURE_2,31,2019-01-24 07:40:00
AQUA_225_TEMPERATURE_2,31.3,2019-01-24 08:21:59
AQUA_225_TEMPERATURE_2,31.9,2019-01-24 09:45:52
AQUA_225_TEMPERATURE_2,31,2019-01-24 10:27:29
AQUA_225_TEMPERATURE_2,29.5,2019-01-24 11:09:11
AQUA_225_TEMPERATURE_2,29.6,2019-01-24 11:50:53
AQUA_225_TEMPERATURE_2,29.8,2019-01-24 12:32:53
AQUA_225_TEMPERATURE_2,29.5,2019-01-24 13:14:41
AQUA_225_TEMPERATURE_2,29.2,2019-01-24 13:56:40
AQUA_225_TEMPERATURE_2,29.1,2019-01-24 14:38:51
AQUA_225_TEMPERATURE_2,29.2,2019-01-24 15:21:02
AQUA_225_TEMPERATURE_2,29.5,2019-01-24 16:44:26
AQUA_225_TEMPERATURE_2,29.2,2019-01-24 18:07:22
AQUA_225_TEMPERATURE_2,29.5,2019-01-24 18:48:48
AQUA_225_TEMPERATURE_2,29.4,2019-01-24 19:30:13
AQUA_225_TEMPERATURE_2,29.6,2019-01-24 20:11:21
AQUA_225_TEMPERATURE_2,29.5,2019-01-24 21:33:32
AQUA_225_TEMPERATURE_2,29.4,2019-01-24 22:14:46
AQUA_225_TEMPERATURE_2,29,2019-01-24 22:56:28
AQUA_225_TEMPERATURE_2,28.8,2019-01-24 23:38:16
AQUA_225_TEMPERATURE_2,28.9,2019-01-25 00:19:59
AQUA_225_TEMPERATURE_2,28.8,2019-01-25 01:43:35
AQUA_225_TEMPERATURE_2,28.9,2019-01-25 02:25:23
AQUA_225_TEMPERATURE_2,29,2019-01-25 03:07:16
AQUA_225_TEMPERATURE_2,28.8,2019-01-25 05:13:14
AQUA_225_TEMPERATURE_2,28.7,2019-01-25 05:55:25
AQUA_225_TEMPERATURE_2,28.6,2019-01-25 07:19:52
AQUA_225_TEMPERATURE_2,29,2019-01-25 09:26:13
AQUA_225_TEMPERATURE_2,28.8,2019-01-25 10:17:07
AQUA_225_TEMPERATURE_2,29,2019-01-25 10:58:44
AQUA_225_TEMPERATURE_2,28.8,2019-01-25 11:40:20
AQUA_225_TEMPERATURE_2,28.9,2019-01-25 12:22:03
AQUA_225_TEMPERATURE_2,29,2019-01-25 13:03:45
AQUA_225_TEMPERATURE_2,28.9,2019-01-25 13:45:33
AQUA_225_TEMPERATURE_2,28.7,2019-01-25 14:27:21
AQUA_225_TEMPERATURE_2,29.5,2019-01-25 15:09:15
AQUA_225_TEMPERATURE_2,29.6,2019-01-25 17:14:33
AQUA_225_TEMPERATURE_2,29.8,2019-01-25 17:56:04
AQUA_225_TEMPERATURE_2,29.6,2019-01-25 19:18:49
AQUA_225_TEMPERATURE_2,29.8,2019-01-25 20:42:25
AQUA_225_TEMPERATURE_2,29.6,2019-01-25 21:24:59
AQUA_225_TEMPERATURE_2,29,2019-01-25 22:06:41
AQUA_225_TEMPERATURE_2,29.2,2019-01-25 22:48:18
AQUA_225_TEMPERATURE_2,29.1,2019-01-25 23:30:11
AQUA_225_TEMPERATURE_2,29,2019-01-26 00:11:48
AQUA_225_TEMPERATURE_2,29.1,2019-01-26 00:53:25
AQUA_225_TEMPERATURE_2,29,2019-01-26 01:35:01
AQUA_225_TEMPERATURE_2,28.9,2019-01-26 02:16:32
AQUA_225_TEMPERATURE_2,28.8,2019-01-26 02:58:09
AQUA_225_TEMPERATURE_2,28.6,2019-01-26 03:39:46
AQUA_225_TEMPERATURE_2,28.7,2019-01-26 04:21:17
AQUA_225_TEMPERATURE_2,28.8,2019-01-26 05:02:53
AQUA_225_TEMPERATURE_2,29.1,2019-01-26 05:44:36
AQUA_225_TEMPERATURE_2,29.2,2019-01-26 06:26:01
AQUA_225_TEMPERATURE_2,29,2019-01-26 07:07:26
AQUA_225_TEMPERATURE_2,29.2,2019-01-26 09:28:23
AQUA_225_TEMPERATURE_2,29.3,2019-01-26 10:08:29
AQUA_225_TEMPERATURE_2,29.2,2019-01-26 10:48:34
AQUA_225_TEMPERATURE_2,29.4,2019-01-26 11:29:54
AQUA_225_TEMPERATURE_2,29.7,2019-01-26 12:11:25
AQUA_225_TEMPERATURE_2,29.9,2019-01-26 12:52:44
AQUA_225_TEMPERATURE_2,30.2,2019-01-26 13:33:58
AQUA_225_TEMPERATURE_2,30.5,2019-01-26 14:15:18
AQUA_225_TEMPERATURE_2,30.4,2019-01-26 23:25:59
AQUA_225_TEMPERATURE_2,29.8,2019-01-27 00:53:51
AQUA_225_TEMPERATURE_2,29.4,2019-01-27 01:30:15
AQUA_225_TEMPERATURE_2,28.9,2019-01-27 02:07:59
AQUA_225_TEMPERATURE_2,29,2019-01-27 03:22:12
AQUA_225_TEMPERATURE_2,28.7,2019-01-27 04:00:01
AQUA_225_TEMPERATURE_2,28.8,2019-01-27 05:11:46
AQUA_225_TEMPERATURE_2,28.7,2019-01-27 05:48:27
AQUA_225_TEMPERATURE_2,28.8,2019-01-27 06:25:02
AQUA_225_TEMPERATURE_2,28.7,2019-01-27 07:01:43
AQUA_225_TEMPERATURE_2,28.6,2019-01-27 07:39:44
AQUA_225_TEMPERATURE_2,28.5,2019-01-27 08:17:44
AQUA_225_TEMPERATURE_2,28.9,2019-01-27 08:55:45
AQUA_225_TEMPERATURE_2,28.7,2019-01-27 09:33:40
AQUA_225_TEMPERATURE_2,28.9,2019-01-27 09:48:32
AQUA_225_TEMPERATURE_2,28.7,2019-01-27 10:25:08
AQUA_225_TEMPERATURE_2,28.8,2019-01-27 11:01:37
AQUA_225_TEMPERATURE_2,29,2019-01-27 11:38:12
AQUA_225_TEMPERATURE_2,28.9,2019-01-27 12:14:48
AQUA_225_TEMPERATURE_2,29,2019-01-27 13:29:29
AQUA_225_TEMPERATURE_2,29.2,2019-01-27 14:06:10
AQUA_225_TEMPERATURE_2,29.3,2019-01-27 14:46:50
AQUA_225_TEMPERATURE_2,30.1,2019-01-27 16:34:30
AQUA_225_TEMPERATURE_2,30,2019-01-27 17:47:18
AQUA_225_TEMPERATURE_2,29.6,2019-01-27 17:56:22
AQUA_225_TEMPERATURE_2,29.2,2019-01-27 18:37:30
AQUA_225_TEMPERATURE_2,28.9,2019-01-27 19:18:44
AQUA_225_TEMPERATURE_2,29.2,2019-01-27 19:59:58
AQUA_225_TEMPERATURE_2,29.4,2019-01-27 20:41:06
AQUA_225_TEMPERATURE_2,29.3,2019-01-28 00:07:21
AQUA_225_TEMPERATURE_2,29.1,2019-01-28 00:48:46
AQUA_225_TEMPERATURE_2,28.9,2019-01-28 01:30:11
AQUA_225_TEMPERATURE_2,29.1,2019-01-28 02:52:56
AQUA_225_TEMPERATURE_2,29.2,2019-01-28 03:34:27
AQUA_225_TEMPERATURE_2,29.3,2019-01-28 04:15:58
AQUA_225_TEMPERATURE_2,29.2,2019-01-28 04:57:35
AQUA_225_TEMPERATURE_2,29.6,2019-01-28 05:39:11
AQUA_225_TEMPERATURE_2,29.5,2019-01-28 06:20:48
AQUA_225_TEMPERATURE_2,29.7,2019-01-28 07:02:24
AQUA_225_TEMPERATURE_2,29.6,2019-01-28 07:43:55
AQUA_225_TEMPERATURE_2,29.8,2019-01-28 08:25:15
AQUA_225_TEMPERATURE_2,30.1,2019-01-28 09:06:29
AQUA_225_TEMPERATURE_2,30.5,2019-01-28 09:47:48
AQUA_225_TEMPERATURE_2,30.4,2019-01-28 10:29:02
AQUA_225_TEMPERATURE_2,30,2019-01-28 11:10:22
AQUA_225_TEMPERATURE_2,29.9,2019-01-28 12:33:18
AQUA_225_TEMPERATURE_2,30.1,2019-01-28 13:14:43
AQUA_225_TEMPERATURE_2,29.9,2019-01-28 13:56:09
AQUA_225_TEMPERATURE_2,30,2019-01-28 15:02:13
AQUA_225_TEMPERATURE_2,29.6,2019-01-28 15:43:32
AQUA_225_TEMPERATURE_2,29.9,2019-01-28 16:25:09
AQUA_225_TEMPERATURE_2,29.8,2019-01-28 17:47:48
AQUA_225_TEMPERATURE_2,30,2019-01-28 18:29:13
AQUA_225_TEMPERATURE_2,30.1,2019-01-28 20:33:29
AQUA_225_TEMPERATURE_2,30,2019-01-28 21:15:12
AQUA_225_TEMPERATURE_2,29.9,2019-01-28 23:20:30
AQUA_225_TEMPERATURE_2,29.7,2019-01-29 00:02:18
AQUA_225_TEMPERATURE_2,29.8,2019-01-29 00:44:17
AQUA_225_TEMPERATURE_2,29.9,2019-01-29 01:26:11
AQUA_225_TEMPERATURE_2,29.8,2019-01-29 02:50:04
AQUA_225_TEMPERATURE_2,29.5,2019-01-29 03:32:09
AQUA_225_TEMPERATURE_2,29.3,2019-01-29 04:14:08
AQUA_225_TEMPERATURE_2,29.2,2019-01-29 04:56:08
AQUA_225_TEMPERATURE_2,29.4,2019-01-29 05:38:13
AQUA_225_TEMPERATURE_2,29.9,2019-01-29 09:15:56
AQUA_225_TEMPERATURE_2,30.1,2019-01-29 09:57:27
AQUA_225_TEMPERATURE_2,29.9,2019-01-29 10:54:53
AQUA_225_TEMPERATURE_2,30.2,2019-01-29 11:36:36
AQUA_225_TEMPERATURE_2,30,2019-01-29 12:18:24
AQUA_225_TEMPERATURE_2,30.1,2019-01-29 13:00:06
AQUA_225_TEMPERATURE_2,30.2,2019-01-29 13:41:54
AQUA_225_TEMPERATURE_2,29.8,2019-01-29 14:23:25
AQUA_225_TEMPERATURE_2,29.5,2019-01-29 15:05:13
AQUA_225_TEMPERATURE_2,29.4,2019-01-29 15:47:01
AQUA_225_TEMPERATURE_2,29.3,2019-01-29 16:28:49
AQUA_225_TEMPERATURE_2,29.4,2019-01-29 17:10:43
AQUA_225_TEMPERATURE_2,29.3,2019-01-29 17:52:42
AQUA_225_TEMPERATURE_2,29.1,2019-01-29 19:16:30
AQUA_225_TEMPERATURE_2,29.5,2019-01-29 23:37:28
AQUA_225_TEMPERATURE_2,29.4,2019-01-30 00:13:55
AQUA_225_TEMPERATURE_2,29.7,2019-01-30 00:55:43
AQUA_225_TEMPERATURE_2,29.5,2019-01-30 01:37:48
AQUA_225_TEMPERATURE_2,29.4,2019-01-30 04:26:26
AQUA_225_TEMPERATURE_2,29.3,2019-01-30 05:08:36
AQUA_225_TEMPERATURE_2,29.2,2019-01-30 05:50:53
AQUA_225_TEMPERATURE_2,29.5,2019-01-30 06:33:04
AQUA_225_TEMPERATURE_2,29.7,2019-01-30 07:15:14
AQUA_225_TEMPERATURE_2,29.9,2019-01-30 07:57:14
AQUA_225_TEMPERATURE_2,30,2019-01-30 09:20:38
AQUA_225_TEMPERATURE_2,29.9,2019-01-30 10:02:21
AQUA_225_TEMPERATURE_2,30.1,2019-01-30 10:44:03
AQUA_225_TEMPERATURE_2,28.5,2019-01-30 12:07:45
AQUA_225_TEMPERATURE_2,28.2,2019-01-30 12:49:33
AQUA_225_TEMPERATURE_2,28.7,2019-01-30 13:31:27
AQUA_225_TEMPERATURE_2,27.5,2019-01-30 16:53:54
AQUA_225_TEMPERATURE_2,27.6,2019-01-30 17:35:59
AQUA_225_TEMPERATURE_2,27.3,2019-01-30 18:18:04
AQUA_225_TEMPERATURE_2,27,2019-01-30 19:00:09
AQUA_225_TEMPERATURE_2,27.2,2019-01-30 20:24:20
AQUA_225_TEMPERATURE_2,27.1,2019-01-30 21:06:25
AQUA_225_TEMPERATURE_2,27.4,2019-01-30 22:30:35
AQUA_225_TEMPERATURE_2,27.1,2019-01-30 23:12:40
AQUA_225_TEMPERATURE_2,26.9,2019-01-30 23:54:45
AQUA_225_TEMPERATURE_2,26.8,2019-01-31 00:36:50
AQUA_225_TEMPERATURE_2,26.5,2019-01-31 01:18:55
AQUA_225_TEMPERATURE_2,26.2,2019-01-31 02:01:11
AQUA_225_TEMPERATURE_2,26.5,2019-01-31 02:43:28
AQUA_225_TEMPERATURE_2,26.6,2019-01-31 03:25:50
AQUA_225_TEMPERATURE_2,26.7,2019-01-31 04:08:01
AQUA_225_TEMPERATURE_2,26.6,2019-01-31 04:50:17
AQUA_225_TEMPERATURE_2,27,2019-01-31 05:32:40
AQUA_225_TEMPERATURE_2,27.2,2019-01-31 06:15:13
AQUA_225_TEMPERATURE_2,27.1,2019-01-31 06:58:04
AQUA_225_TEMPERATURE_2,26.9,2019-01-31 07:40:49
AQUA_225_TEMPERATURE_2,27.2,2019-01-31 08:23:22
AQUA_225_TEMPERATURE_2,27.3,2019-01-31 09:47:50
AQUA_225_TEMPERATURE_2,26.9,2019-01-31 10:30:00
AQUA_225_TEMPERATURE_2,27.1,2019-01-31 12:37:01
AQUA_225_TEMPERATURE_2,26.8,2019-01-31 13:19:35
AQUA_225_TEMPERATURE_2,27.1,2019-01-31 14:02:20
AQUA_225_TEMPERATURE_2,26.9,2019-01-31 14:44:53
AQUA_225_TEMPERATURE_2,27,2019-01-31 15:27:44
AQUA_225_TEMPERATURE_2,27.2,2019-01-31 16:10:34
AQUA_225_TEMPERATURE_2,27.5,2019-01-31 16:53:53
AQUA_225_TEMPERATURE_2,27.4,2019-01-31 21:45:16
AQUA_225_TEMPERATURE_2,27,2019-02-01 10:41:22
AQUA_225_TEMPERATURE_2,26.9,2019-02-01 11:22:53
AQUA_225_TEMPERATURE_2,27.1,2019-02-01 12:04:01
AQUA_225_TEMPERATURE_2,27,2019-02-01 12:45:09
AQUA_225_TEMPERATURE_2,26.9,2019-02-01 14:07:31
AQUA_225_TEMPERATURE_2,27.1,2019-02-01 14:48:45
AQUA_225_TEMPERATURE_2,27.2,2019-02-01 15:29:59
AQUA_225_TEMPERATURE_2,27.3,2019-02-01 16:52:38
AQUA_225_TEMPERATURE_2,27.5,2019-02-01 17:33:58
AQUA_225_TEMPERATURE_2,27.3,2019-02-01 18:15:17
AQUA_225_TEMPERATURE_2,27.4,2019-02-01 18:56:36
AQUA_225_TEMPERATURE_2,27.2,2019-02-01 19:37:50
AQUA_225_TEMPERATURE_2,27.4,2019-02-01 21:00:29
AQUA_225_TEMPERATURE_2,27.3,2019-02-01 21:41:49
AQUA_225_TEMPERATURE_2,27.6,2019-02-01 23:04:39
AQUA_225_TEMPERATURE_2,27.2,2019-02-01 23:46:04
AQUA_225_TEMPERATURE_2,27.1,2019-02-02 01:09:18
AQUA_225_TEMPERATURE_2,26.9,2019-02-02 02:32:48
AQUA_225_TEMPERATURE_2,27.1,2019-02-02 03:14:36
AQUA_225_TEMPERATURE_2,27.2,2019-02-02 03:56:25
AQUA_225_TEMPERATURE_2,26.9,2019-02-02 04:38:18
AQUA_225_TEMPERATURE_2,26.8,2019-02-02 05:20:18
AQUA_225_TEMPERATURE_2,27.1,2019-02-02 06:02:17
AQUA_225_TEMPERATURE_2,26.8,2019-02-02 07:26:04
AQUA_225_TEMPERATURE_2,26.9,2019-02-02 08:07:47
AQUA_225_TEMPERATURE_2,27,2019-02-02 08:49:12
AQUA_225_TEMPERATURE_2,27.2,2019-02-02 09:30:32
AQUA_225_TEMPERATURE_2,27.1,2019-02-02 10:11:46
AQUA_225_TEMPERATURE_2,26.8,2019-02-02 11:34:19
AQUA_225_TEMPERATURE_2,27.2,2019-02-02 12:56:53
AQUA_225_TEMPERATURE_2,26.8,2019-02-02 13:38:24
AQUA_225_TEMPERATURE_2,27,2019-02-02 14:20:00
AQUA_225_TEMPERATURE_2,26.8,2019-02-02 15:43:02
AQUA_225_TEMPERATURE_2,27.1,2019-02-02 16:24:50
AQUA_225_TEMPERATURE_2,27,2019-02-02 17:06:27
AQUA_225_TEMPERATURE_2,27.1,2019-02-02 18:29:34
AQUA_225_TEMPERATURE_2,27.3,2019-02-02 19:11:17
AQUA_225_TEMPERATURE_2,27.1,2019-02-02 19:52:59
AQUA_225_TEMPERATURE_2,26.8,2019-02-02 20:35:10
AQUA_225_TEMPERATURE_2,27.1,2019-02-02 21:17:09
AQUA_225_TEMPERATURE_2,26.9,2019-02-02 21:59:14
AQUA_225_TEMPERATURE_2,26.8,2019-02-02 22:41:25
AQUA_225_TEMPERATURE_2,27.1,2019-02-02 23:23:36
AQUA_225_TEMPERATURE_2,26.8,2019-02-03 00:48:20
AQUA_225_TEMPERATURE_2,26.9,2019-02-03 01:30:43
AQUA_225_TEMPERATURE_2,26.7,2019-02-03 02:12:59
AQUA_225_TEMPERATURE_2,26.2,2019-02-03 03:37:43
AQUA_225_TEMPERATURE_2,26.6,2019-02-03 04:20:00
AQUA_225_TEMPERATURE_2,26.4,2019-02-03 05:02:05
AQUA_225_TEMPERATURE_2,26.7,2019-02-03 07:08:43
AQUA_225_TEMPERATURE_2,26.9,2019-02-03 08:32:25
AQUA_225_TEMPERATURE_2,26.5,2019-02-03 09:13:50
AQUA_225_TEMPERATURE_2,26.5,2019-02-03 10:06:36
AQUA_225_TEMPERATURE_2,23,2019-02-03 13:17:28
AQUA_225_TEMPERATURE_2,22.5,2019-02-03 14:38:53
AQUA_225_TEMPERATURE_2,22.3,2019-02-03 15:20:24
AQUA_225_TEMPERATURE_2,21.8,2019-02-03 16:01:55
AQUA_225_TEMPERATURE_2,21.5,2019-02-03 16:43:26
AQUA_225_TEMPERATURE_2,21.1,2019-02-03 17:25:09
AQUA_225_TEMPERATURE_2,20.7,2019-02-03 18:06:49
AQUA_225_TEMPERATURE_2,20.3,2019-02-03 18:48:42
AQUA_225_TEMPERATURE_2,19.9,2019-02-03 19:30:36
AQUA_225_TEMPERATURE_2,19.6,2019-02-03 20:12:24
AQUA_225_TEMPERATURE_2,19.3,2019-02-03 20:54:24
AQUA_225_TEMPERATURE_2,19,2019-02-03 21:36:34
AQUA_225_TEMPERATURE_2,18.8,2019-02-03 22:18:45
AQUA_225_TEMPERATURE_2,18.3,2019-02-03 23:00:56
AQUA_225_TEMPERATURE_2,18.2,2019-02-03 23:43:01
AQUA_225_TEMPERATURE_2,18.1,2019-02-04 00:25:12
AQUA_225_TEMPERATURE_2,17.7,2019-02-04 01:07:17
AQUA_225_TEMPERATURE_2,17.6,2019-02-04 01:49:27
AQUA_225_TEMPERATURE_2,17.5,2019-02-04 02:31:38
AQUA_225_TEMPERATURE_2,17.7,2019-02-04 03:14:00
AQUA_225_TEMPERATURE_2,17.5,2019-02-04 03:56:17
AQUA_225_TEMPERATURE_2,17.4,2019-02-04 04:38:39
AQUA_225_TEMPERATURE_2,17.5,2019-02-04 05:21:07
AQUA_225_TEMPERATURE_2,17.3,2019-02-04 06:03:40
AQUA_225_TEMPERATURE_2,17.2,2019-02-04 06:46:10
AQUA_225_TEMPERATURE_2,17.8,2019-02-04 08:10:26
AQUA_225_TEMPERATURE_2,18.3,2019-02-04 08:51:45
AQUA_225_TEMPERATURE_2,19.1,2019-02-04 09:32:48
AQUA_225_TEMPERATURE_2,19.9,2019-02-04 10:13:51
AQUA_225_TEMPERATURE_2,20.5,2019-02-04 10:54:59
AQUA_225_TEMPERATURE_2,20.8,2019-02-04 11:36:18
AQUA_225_TEMPERATURE_2,21.3,2019-02-04 12:59:32
AQUA_225_TEMPERATURE_2,21.6,2019-02-04 13:40:57
AQUA_225_TEMPERATURE_2,22,2019-02-04 14:37:49
AQUA_226_TEMPERATURE_2,22.6,2019-01-18 11:49:23
AQUA_226_TEMPERATURE_2,23.7,2019-01-18 12:33:45
AQUA_226_TEMPERATURE_2,23.9,2019-01-18 13:16:52
AQUA_226_TEMPERATURE_2,24.2,2019-01-18 14:01:20
AQUA_226_TEMPERATURE_2,24.1,2019-01-18 14:46:10
AQUA_226_TEMPERATURE_2,23.7,2019-01-18 15:32:02
AQUA_226_TEMPERATURE_2,23.3,2019-01-18 16:16:52
AQUA_226_TEMPERATURE_2,23.2,2019-01-18 17:02:28
AQUA_226_TEMPERATURE_2,23.4,2019-01-18 17:46:21
AQUA_226_TEMPERATURE_2,23.2,2019-01-18 18:30:31
AQUA_226_TEMPERATURE_2,23.1,2019-01-18 20:05:07
AQUA_226_TEMPERATURE_2,23.2,2019-01-18 20:49:17
AQUA_226_TEMPERATURE_2,23.3,2019-01-18 21:33:16
AQUA_226_TEMPERATURE_2,23.1,2019-01-18 22:17:32
AQUA_226_TEMPERATURE_2,23.2,2019-01-18 23:01:48
AQUA_226_TEMPERATURE_2,23.1,2019-01-18 23:45:58
AQUA_226_TEMPERATURE_2,22.9,2019-01-19 01:13:22
AQUA_226_TEMPERATURE_2,23.1,2019-01-19 02:39:54
AQUA_226_TEMPERATURE_2,23,2019-01-19 03:23:07
AQUA_226_TEMPERATURE_2,22.8,2019-01-19 04:06:09
AQUA_226_TEMPERATURE_2,22.9,2019-01-19 04:49:05
AQUA_226_TEMPERATURE_2,23,2019-01-19 06:15:26
AQUA_226_TEMPERATURE_2,22.9,2019-01-19 06:58:45
AQUA_226_TEMPERATURE_2,22.7,2019-01-19 07:42:16
AQUA_226_TEMPERATURE_2,23.4,2019-01-19 09:06:14
AQUA_226_TEMPERATURE_2,24.6,2019-01-19 09:47:45
AQUA_226_TEMPERATURE_2,25.7,2019-01-19 10:32:30
AQUA_226_TEMPERATURE_2,26.4,2019-01-19 11:56:17
AQUA_226_TEMPERATURE_2,26.1,2019-01-19 12:38:34
AQUA_226_TEMPERATURE_2,26,2019-01-19 13:20:50
AQUA_226_TEMPERATURE_2,26.1,2019-01-19 14:03:06
AQUA_226_TEMPERATURE_2,26.2,2019-01-19 16:10:01
AQUA_226_TEMPERATURE_2,26.3,2019-01-19 16:52:35
AQUA_226_TEMPERATURE_2,26.5,2019-01-19 17:35:08
AQUA_226_TEMPERATURE_2,26.3,2019-01-19 18:17:53
AQUA_226_TEMPERATURE_2,26.7,2019-01-19 19:01:01
AQUA_226_TEMPERATURE_2,26.5,2019-01-19 19:44:14
AQUA_226_TEMPERATURE_2,26.4,2019-01-19 21:11:15
AQUA_226_TEMPERATURE_2,26.6,2019-01-19 21:54:34
AQUA_226_TEMPERATURE_2,26.7,2019-01-19 23:21:18
AQUA_226_TEMPERATURE_2,26.6,2019-01-20 00:04:54
AQUA_226_TEMPERATURE_2,26.4,2019-01-20 00:48:13
AQUA_226_TEMPERATURE_2,26.2,2019-01-20 02:14:57
AQUA_226_TEMPERATURE_2,26.3,2019-01-20 02:57:53
AQUA_226_TEMPERATURE_2,26.5,2019-01-20 03:40:32
AQUA_226_TEMPERATURE_2,26.6,2019-01-20 05:48:29
AQUA_226_TEMPERATURE_2,26.4,2019-01-20 06:31:03
AQUA_226_TEMPERATURE_2,26.7,2019-01-20 07:55:35
AQUA_226_TEMPERATURE_2,26.9,2019-01-20 08:37:07
AQUA_226_TEMPERATURE_2,27.7,2019-01-20 09:18:26
AQUA_226_TEMPERATURE_2,27.8,2019-01-20 09:59:31
AQUA_226_TEMPERATURE_2,27.9,2019-01-20 10:40:33
AQUA_226_TEMPERATURE_2,27.5,2019-01-20 11:21:41
AQUA_226_TEMPERATURE_2,27.6,2019-01-20 12:02:44
AQUA_226_TEMPERATURE_2,27.4,2019-01-20 12:43:52
AQUA_226_TEMPERATURE_2,27.1,2019-01-20 13:24:49
AQUA_226_TEMPERATURE_2,27.2,2019-01-20 14:04:32
AQUA_226_TEMPERATURE_2,27,2019-01-20 15:25:34
AQUA_226_TEMPERATURE_2,27.3,2019-01-20 16:06:37
AQUA_226_TEMPERATURE_2,27.4,2019-01-20 16:48:10
AQUA_226_TEMPERATURE_2,27.1,2019-01-20 18:10:14
AQUA_226_TEMPERATURE_2,26.9,2019-01-20 20:14:24
AQUA_226_TEMPERATURE_2,27.2,2019-01-20 20:56:01
AQUA_226_TEMPERATURE_2,27.3,2019-01-20 21:37:49
AQUA_226_TEMPERATURE_2,27.1,2019-01-20 22:19:43
AQUA_226_TEMPERATURE_2,27.3,2019-01-20 23:43:53
AQUA_226_TEMPERATURE_2,27.4,2019-01-21 00:26:04
AQUA_226_TEMPERATURE_2,27.2,2019-01-21 01:08:15
AQUA_226_TEMPERATURE_2,27.7,2019-01-21 02:32:31
AQUA_226_TEMPERATURE_2,27.4,2019-01-21 03:14:30
AQUA_226_TEMPERATURE_2,27.1,2019-01-21 05:20:34
AQUA_226_TEMPERATURE_2,27,2019-01-21 06:02:28
AQUA_226_TEMPERATURE_2,26.8,2019-01-21 06:44:21
AQUA_226_TEMPERATURE_2,26.6,2019-01-21 07:26:15
AQUA_226_TEMPERATURE_2,26.5,2019-01-21 08:08:14
AQUA_226_TEMPERATURE_2,26.9,2019-01-21 08:50:02
AQUA_226_TEMPERATURE_2,27.7,2019-01-21 12:41:19
AQUA_226_TEMPERATURE_2,28.1,2019-01-21 14:52:07
AQUA_226_TEMPERATURE_2,28.2,2019-01-21 15:33:38
AQUA_226_TEMPERATURE_2,28.3,2019-01-21 16:15:15
AQUA_226_TEMPERATURE_2,28.6,2019-01-21 16:56:52
AQUA_226_TEMPERATURE_2,28.7,2019-01-21 17:38:34
AQUA_226_TEMPERATURE_2,28.6,2019-01-21 18:20:22
AQUA_226_TEMPERATURE_2,28.7,2019-01-21 19:02:10
AQUA_226_TEMPERATURE_2,28.6,2019-01-21 19:44:04
AQUA_226_TEMPERATURE_2,28.2,2019-01-21 20:25:51
AQUA_226_TEMPERATURE_2,27.9,2019-01-21 21:07:40
AQUA_226_TEMPERATURE_2,27.6,2019-01-21 21:49:22
AQUA_226_TEMPERATURE_2,27.4,2019-01-21 23:13:26
AQUA_226_TEMPERATURE_2,27.5,2019-01-22 02:02:21
AQUA_226_TEMPERATURE_2,27.6,2019-01-22 02:44:15
AQUA_226_TEMPERATURE_2,27.4,2019-01-22 03:26:03
AQUA_226_TEMPERATURE_2,27.3,2019-01-22 04:07:50
AQUA_226_TEMPERATURE_2,27.6,2019-01-22 04:49:38
AQUA_226_TEMPERATURE_2,27.7,2019-01-22 06:13:37
AQUA_226_TEMPERATURE_2,27.5,2019-01-22 07:07:21
AQUA_226_TEMPERATURE_2,27.6,2019-01-22 10:11:02
AQUA_226_TEMPERATURE_2,27,2019-01-22 10:51:54
AQUA_226_TEMPERATURE_2,26.9,2019-01-22 11:32:45
AQUA_226_TEMPERATURE_2,26.8,2019-01-22 13:36:15
AQUA_226_TEMPERATURE_2,27.1,2019-01-22 14:17:52
AQUA_226_TEMPERATURE_2,26.9,2019-01-22 14:59:29
AQUA_226_TEMPERATURE_2,26.8,2019-01-22 17:05:04
AQUA_226_TEMPERATURE_2,26.7,2019-01-22 17:47:03
AQUA_226_TEMPERATURE_2,26.5,2019-01-22 18:28:40
AQUA_226_TEMPERATURE_2,26.2,2019-01-22 19:10:39
AQUA_226_TEMPERATURE_2,26.3,2019-01-22 19:52:39
AQUA_226_TEMPERATURE_2,26.4,2019-01-22 20:34:32
AQUA_226_TEMPERATURE_2,26.5,2019-01-22 21:16:37
AQUA_226_TEMPERATURE_2,26.7,2019-01-22 21:58:54
AQUA_226_TEMPERATURE_2,26.3,2019-01-22 22:41:10
AQUA_226_TEMPERATURE_2,26.4,2019-01-23 00:06:40
AQUA_226_TEMPERATURE_2,26.2,2019-01-23 00:49:31
AQUA_226_TEMPERATURE_2,26.3,2019-01-23 01:32:21
AQUA_226_TEMPERATURE_2,26,2019-01-23 02:15:12
AQUA_226_TEMPERATURE_2,26.4,2019-01-23 02:58:14
AQUA_226_TEMPERATURE_2,26.2,2019-01-23 03:40:53
AQUA_226_TEMPERATURE_2,26.4,2019-01-23 04:23:32
AQUA_226_TEMPERATURE_2,26.2,2019-01-23 05:06:17
AQUA_226_TEMPERATURE_2,25.9,2019-01-23 06:32:32
AQUA_226_TEMPERATURE_2,26.2,2019-01-23 07:15:51
AQUA_226_TEMPERATURE_2,26.5,2019-01-23 07:59:05
AQUA_226_TEMPERATURE_2,26.8,2019-01-23 08:42:12
AQUA_226_TEMPERATURE_2,27.3,2019-01-23 09:25:08
AQUA_226_TEMPERATURE_2,28.6,2019-01-23 15:23:31
AQUA_226_TEMPERATURE_2,28.9,2019-01-23 16:05:41
AQUA_226_TEMPERATURE_2,29.2,2019-01-23 16:47:47
AQUA_226_TEMPERATURE_2,29.5,2019-01-23 17:29:57
AQUA_226_TEMPERATURE_2,29.8,2019-01-23 18:12:20
AQUA_226_TEMPERATURE_2,29.9,2019-01-23 19:37:15
AQUA_226_TEMPERATURE_2,30,2019-01-23 20:19:43
AQUA_226_TEMPERATURE_2,30.1,2019-01-23 21:02:39
AQUA_226_TEMPERATURE_2,30,2019-01-23 21:45:35
AQUA_226_TEMPERATURE_2,30.1,2019-01-23 22:28:26
AQUA_226_TEMPERATURE_2,30,2019-01-23 23:54:19
AQUA_226_TEMPERATURE_2,30.3,2019-01-24 01:20:05
AQUA_226_TEMPERATURE_2,30.4,2019-01-24 02:02:50
AQUA_226_TEMPERATURE_2,30.3,2019-01-24 02:45:35
AQUA_226_TEMPERATURE_2,30.5,2019-01-24 04:10:37
AQUA_226_TEMPERATURE_2,30.6,2019-01-24 04:52:47
AQUA_226_TEMPERATURE_2,30.4,2019-01-24 05:34:58
AQUA_226_TEMPERATURE_2,30.5,2019-01-24 06:59:31
AQUA_226_TEMPERATURE_2,30.7,2019-01-24 07:41:42
AQUA_226_TEMPERATURE_2,30.9,2019-01-24 08:23:41
AQUA_226_TEMPERATURE_2,31,2019-01-24 09:05:35
AQUA_226_TEMPERATURE_2,31.4,2019-01-24 09:47:34
AQUA_226_TEMPERATURE_2,31,2019-01-24 10:29:11
AQUA_226_TEMPERATURE_2,29.7,2019-01-24 11:10:48
AQUA_226_TEMPERATURE_2,29.1,2019-01-24 11:52:36
AQUA_226_TEMPERATURE_2,28.9,2019-01-24 12:34:35
AQUA_226_TEMPERATURE_2,28.8,2019-01-24 13:16:23
AQUA_226_TEMPERATURE_2,28.7,2019-01-24 13:58:22
AQUA_226_TEMPERATURE_2,28.9,2019-01-24 14:40:33
AQUA_226_TEMPERATURE_2,29.2,2019-01-24 15:22:44
AQUA_226_TEMPERATURE_2,29.3,2019-01-24 16:04:32
AQUA_226_TEMPERATURE_2,29.4,2019-01-24 17:27:34
AQUA_226_TEMPERATURE_2,29.2,2019-01-24 18:08:59
AQUA_226_TEMPERATURE_2,29.3,2019-01-24 18:50:30
AQUA_226_TEMPERATURE_2,29.2,2019-01-24 19:31:50
AQUA_226_TEMPERATURE_2,29.4,2019-01-24 20:13:04
AQUA_226_TEMPERATURE_2,29.5,2019-01-24 21:35:09
AQUA_226_TEMPERATURE_2,29,2019-01-24 22:16:23
AQUA_226_TEMPERATURE_2,28.7,2019-01-24 22:58:11
AQUA_226_TEMPERATURE_2,28.3,2019-01-24 23:39:59
AQUA_226_TEMPERATURE_2,28.5,2019-01-25 00:21:41
AQUA_226_TEMPERATURE_2,28.6,2019-01-25 01:45:17
AQUA_226_TEMPERATURE_2,28.5,2019-01-25 03:50:52
AQUA_226_TEMPERATURE_2,28.2,2019-01-25 04:32:52
AQUA_226_TEMPERATURE_2,27.8,2019-01-25 05:14:57
AQUA_226_TEMPERATURE_2,27.7,2019-01-25 05:57:08
AQUA_226_TEMPERATURE_2,27.6,2019-01-25 06:39:18
AQUA_226_TEMPERATURE_2,27.8,2019-01-25 08:03:51
AQUA_226_TEMPERATURE_2,27.9,2019-01-25 09:27:50
AQUA_226_TEMPERATURE_2,28.3,2019-01-25 10:18:44
AQUA_226_TEMPERATURE_2,28.4,2019-01-25 11:00:20
AQUA_226_TEMPERATURE_2,28.6,2019-01-25 11:41:57
AQUA_226_TEMPERATURE_2,28.7,2019-01-25 12:23:39
AQUA_226_TEMPERATURE_2,28.6,2019-01-25 13:05:22
AQUA_226_TEMPERATURE_2,28.9,2019-01-25 14:29:04
AQUA_226_TEMPERATURE_2,29.2,2019-01-25 15:10:52
AQUA_226_TEMPERATURE_2,29.8,2019-01-25 15:52:40
AQUA_226_TEMPERATURE_2,30,2019-01-25 16:34:28
AQUA_226_TEMPERATURE_2,30.2,2019-01-25 17:16:16
AQUA_226_TEMPERATURE_2,29.9,2019-01-25 17:57:41
AQUA_226_TEMPERATURE_2,29.7,2019-01-25 19:20:26
AQUA_226_TEMPERATURE_2,29.8,2019-01-25 20:02:02
AQUA_226_TEMPERATURE_2,29.9,2019-01-25 20:44:08
AQUA_226_TEMPERATURE_2,29.6,2019-01-25 21:26:41
AQUA_226_TEMPERATURE_2,28.8,2019-01-25 22:08:23
AQUA_226_TEMPERATURE_2,28.4,2019-01-25 23:31:48
AQUA_226_TEMPERATURE_2,28.6,2019-01-26 00:13:30
AQUA_226_TEMPERATURE_2,28.8,2019-01-26 00:55:01
AQUA_226_TEMPERATURE_2,28.9,2019-01-26 02:18:15
AQUA_226_TEMPERATURE_2,28.8,2019-01-26 02:59:46
AQUA_226_TEMPERATURE_2,29,2019-01-26 03:41:22
AQUA_226_TEMPERATURE_2,28.9,2019-01-26 04:22:59
AQUA_226_TEMPERATURE_2,29,2019-01-26 05:04:36
AQUA_226_TEMPERATURE_2,29.3,2019-01-26 05:46:12
AQUA_226_TEMPERATURE_2,29.4,2019-01-26 06:27:43
AQUA_226_TEMPERATURE_2,29.3,2019-01-26 07:09:08
AQUA_226_TEMPERATURE_2,29.1,2019-01-26 07:50:39
AQUA_226_TEMPERATURE_2,29.4,2019-01-26 09:30:05
AQUA_226_TEMPERATURE_2,29.7,2019-01-26 10:10:11
AQUA_226_TEMPERATURE_2,29.8,2019-01-26 10:50:16
AQUA_226_TEMPERATURE_2,30,2019-01-26 11:31:36
AQUA_226_TEMPERATURE_2,30.4,2019-01-26 12:13:07
AQUA_226_TEMPERATURE_2,30.7,2019-01-26 13:35:40
AQUA_226_TEMPERATURE_2,31,2019-01-26 14:16:54
AQUA_226_TEMPERATURE_2,31.1,2019-01-26 14:58:14
AQUA_226_TEMPERATURE_2,31,2019-01-26 15:43:55
AQUA_226_TEMPERATURE_2,31.2,2019-01-26 23:27:36
AQUA_226_TEMPERATURE_2,31.1,2019-01-27 00:14:25
AQUA_226_TEMPERATURE_2,30.9,2019-01-27 00:55:22
AQUA_226_TEMPERATURE_2,30.7,2019-01-27 01:31:52
AQUA_226_TEMPERATURE_2,30.5,2019-01-27 02:09:35
AQUA_226_TEMPERATURE_2,30.4,2019-01-27 02:45:59
AQUA_226_TEMPERATURE_2,30.3,2019-01-27 03:23:48
AQUA_226_TEMPERATURE_2,30.4,2019-01-27 04:01:38
AQUA_226_TEMPERATURE_2,30.3,2019-01-27 04:38:07
AQUA_226_TEMPERATURE_2,30.2,2019-01-27 05:13:23
AQUA_226_TEMPERATURE_2,30,2019-01-27 05:49:58
AQUA_226_TEMPERATURE_2,30.1,2019-01-27 06:26:39
AQUA_226_TEMPERATURE_2,29.9,2019-01-27 07:03:20
AQUA_226_TEMPERATURE_2,29.7,2019-01-27 07:41:20
AQUA_226_TEMPERATURE_2,29.5,2019-01-27 08:19:15
AQUA_226_TEMPERATURE_2,29.7,2019-01-27 08:57:16
AQUA_226_TEMPERATURE_2,29.6,2019-01-27 09:35:11
AQUA_226_TEMPERATURE_2,29.4,2019-01-27 09:50:03
AQUA_226_TEMPERATURE_2,29.3,2019-01-27 10:26:39
AQUA_226_TEMPERATURE_2,29.2,2019-01-27 11:03:14
AQUA_226_TEMPERATURE_2,29.3,2019-01-27 11:39:49
AQUA_226_TEMPERATURE_2,29,2019-01-27 12:53:05
AQUA_226_TEMPERATURE_2,29.2,2019-01-27 13:31:00
AQUA_226_TEMPERATURE_2,29.5,2019-01-27 14:07:41
AQUA_226_TEMPERATURE_2,29.6,2019-01-27 14:48:26
AQUA_226_TEMPERATURE_2,29.9,2019-01-27 16:36:12
AQUA_226_TEMPERATURE_2,30.2,2019-01-27 17:47:18
AQUA_226_TEMPERATURE_2,29.8,2019-01-27 17:57:59
AQUA_226_TEMPERATURE_2,29.6,2019-01-27 18:39:07
AQUA_226_TEMPERATURE_2,29.3,2019-01-27 19:20:20
AQUA_226_TEMPERATURE_2,29.6,2019-01-27 20:01:34
AQUA_226_TEMPERATURE_2,29.5,2019-01-27 20:42:43
AQUA_226_TEMPERATURE_2,29.7,2019-01-27 21:23:57
AQUA_226_TEMPERATURE_2,29.6,2019-01-27 22:05:10
AQUA_226_TEMPERATURE_2,29.5,2019-01-27 22:46:24
AQUA_226_TEMPERATURE_2,29.4,2019-01-27 23:27:38
AQUA_226_TEMPERATURE_2,29.1,2019-01-28 00:09:03
AQUA_226_TEMPERATURE_2,29,2019-01-28 00:50:28
AQUA_226_TEMPERATURE_2,28.8,2019-01-28 01:31:48
AQUA_226_TEMPERATURE_2,28.9,2019-01-28 02:54:38
AQUA_226_TEMPERATURE_2,29,2019-01-28 03:36:04
AQUA_226_TEMPERATURE_2,29.2,2019-01-28 04:17:40
AQUA_226_TEMPERATURE_2,29.3,2019-01-28 05:40:53
AQUA_226_TEMPERATURE_2,29.4,2019-01-28 07:04:01
AQUA_226_TEMPERATURE_2,29.6,2019-01-28 08:26:52
AQUA_226_TEMPERATURE_2,30.1,2019-01-28 09:08:11
AQUA_226_TEMPERATURE_2,30.6,2019-01-28 09:49:25
AQUA_226_TEMPERATURE_2,30.8,2019-01-28 10:30:39
AQUA_226_TEMPERATURE_2,30.4,2019-01-28 11:11:59
AQUA_226_TEMPERATURE_2,30.2,2019-01-28 12:34:55
AQUA_226_TEMPERATURE_2,30.3,2019-01-28 13:16:26
AQUA_226_TEMPERATURE_2,30,2019-01-28 13:57:45
AQUA_226_TEMPERATURE_2,29.8,2019-01-28 15:03:49
AQUA_226_TEMPERATURE_2,29.7,2019-01-28 15:45:14
AQUA_226_TEMPERATURE_2,29.8,2019-01-28 16:26:51
AQUA_226_TEMPERATURE_2,29.7,2019-01-28 17:08:11
AQUA_226_TEMPERATURE_2,29.6,2019-01-28 17:49:30
AQUA_226_TEMPERATURE_2,29.7,2019-01-28 19:12:15
AQUA_226_TEMPERATURE_2,29.9,2019-01-28 19:53:41
AQUA_226_TEMPERATURE_2,30.1,2019-01-28 21:16:54
AQUA_226_TEMPERATURE_2,30,2019-01-28 21:58:36
AQUA_226_TEMPERATURE_2,29.9,2019-01-28 22:40:24
AQUA_226_TEMPERATURE_2,29.7,2019-01-29 00:04:00
AQUA_226_TEMPERATURE_2,29.6,2019-01-29 00:45:54
AQUA_226_TEMPERATURE_2,29.7,2019-01-29 02:51:46
AQUA_226_TEMPERATURE_2,29.5,2019-01-29 03:33:46
AQUA_226_TEMPERATURE_2,29.1,2019-01-29 04:15:51
AQUA_226_TEMPERATURE_2,29.4,2019-01-29 05:39:49
AQUA_226_TEMPERATURE_2,29.3,2019-01-29 07:04:05
AQUA_226_TEMPERATURE_2,29.2,2019-01-29 07:45:53
AQUA_226_TEMPERATURE_2,29.3,2019-01-29 08:27:19
AQUA_226_TEMPERATURE_2,29.7,2019-01-29 09:17:33
AQUA_226_TEMPERATURE_2,30,2019-01-29 09:59:09
AQUA_226_TEMPERATURE_2,30.4,2019-01-29 10:56:36
AQUA_226_TEMPERATURE_2,30.6,2019-01-29 11:38:18
AQUA_226_TEMPERATURE_2,30.7,2019-01-29 12:20:01
AQUA_226_TEMPERATURE_2,30.6,2019-01-29 13:01:48
AQUA_226_TEMPERATURE_2,30.5,2019-01-29 13:43:31
AQUA_226_TEMPERATURE_2,29.4,2019-01-29 14:25:07
AQUA_226_TEMPERATURE_2,28.7,2019-01-29 15:06:55
AQUA_226_TEMPERATURE_2,28.6,2019-01-29 15:48:38
AQUA_226_TEMPERATURE_2,28.3,2019-01-29 16:30:26
AQUA_226_TEMPERATURE_2,28.1,2019-01-29 17:54:19
AQUA_226_TEMPERATURE_2,27.9,2019-01-29 18:36:18
AQUA_226_TEMPERATURE_2,28,2019-01-29 19:18:12
AQUA_226_TEMPERATURE_2,28.4,2019-01-29 23:37:28
AQUA_226_TEMPERATURE_2,28.3,2019-01-30 00:15:38
AQUA_226_TEMPERATURE_2,28.2,2019-01-30 00:57:20
AQUA_226_TEMPERATURE_2,28.4,2019-01-30 02:21:41
AQUA_226_TEMPERATURE_2,28.3,2019-01-30 03:03:52
AQUA_226_TEMPERATURE_2,28.5,2019-01-30 03:46:03
AQUA_226_TEMPERATURE_2,28.6,2019-01-30 05:10:19
AQUA_226_TEMPERATURE_2,28.7,2019-01-30 06:34:46
AQUA_226_TEMPERATURE_2,28.9,2019-01-30 07:58:56
AQUA_226_TEMPERATURE_2,29,2019-01-30 09:22:21
AQUA_226_TEMPERATURE_2,29.3,2019-01-30 10:04:03
AQUA_226_TEMPERATURE_2,29.2,2019-01-30 10:45:45
AQUA_226_TEMPERATURE_2,28.2,2019-01-30 12:09:27
AQUA_226_TEMPERATURE_2,27.6,2019-01-30 12:51:15
AQUA_226_TEMPERATURE_2,27.7,2019-01-30 13:33:09
AQUA_226_TEMPERATURE_2,27.2,2019-01-30 16:55:37
AQUA_226_TEMPERATURE_2,27.1,2019-01-30 17:37:42
AQUA_226_TEMPERATURE_2,26.9,2019-01-30 18:19:47
AQUA_226_TEMPERATURE_2,26.8,2019-01-30 19:01:52
AQUA_226_TEMPERATURE_2,26.7,2019-01-30 20:26:02
AQUA_226_TEMPERATURE_2,26.9,2019-01-30 21:08:01
AQUA_226_TEMPERATURE_2,26.7,2019-01-30 22:32:17
AQUA_226_TEMPERATURE_2,26.5,2019-01-30 23:14:22
AQUA_226_TEMPERATURE_2,26.4,2019-01-30 23:56:27
AQUA_226_TEMPERATURE_2,26.3,2019-01-31 01:20:37
AQUA_226_TEMPERATURE_2,26.2,2019-01-31 02:02:54
AQUA_226_TEMPERATURE_2,26.3,2019-01-31 03:27:27
AQUA_226_TEMPERATURE_2,26.5,2019-01-31 04:09:43
AQUA_226_TEMPERATURE_2,26.6,2019-01-31 05:34:22
AQUA_226_TEMPERATURE_2,26.7,2019-01-31 06:17:01
AQUA_226_TEMPERATURE_2,26.6,2019-01-31 07:42:37
AQUA_226_TEMPERATURE_2,26.7,2019-01-31 09:07:21
AQUA_226_TEMPERATURE_2,26.9,2019-01-31 09:49:32
AQUA_226_TEMPERATURE_2,27.4,2019-01-31 10:31:43
AQUA_226_TEMPERATURE_2,27.5,2019-01-31 11:13:54
AQUA_226_TEMPERATURE_2,27.8,2019-01-31 11:56:16
AQUA_226_TEMPERATURE_2,27.5,2019-01-31 12:38:44
AQUA_226_TEMPERATURE_2,27.4,2019-01-31 13:21:17
AQUA_226_TEMPERATURE_2,27.2,2019-01-31 14:04:02
AQUA_226_TEMPERATURE_2,27.1,2019-01-31 14:46:41
AQUA_226_TEMPERATURE_2,26.9,2019-01-31 16:12:17
AQUA_226_TEMPERATURE_2,27,2019-01-31 16:55:42
AQUA_226_TEMPERATURE_2,27.9,2019-02-01 10:01:33
AQUA_226_TEMPERATURE_2,27.8,2019-02-01 10:43:04
AQUA_226_TEMPERATURE_2,27.7,2019-02-01 11:24:35
AQUA_226_TEMPERATURE_2,27.8,2019-02-01 12:05:43
AQUA_226_TEMPERATURE_2,27.6,2019-02-01 12:46:52
AQUA_226_TEMPERATURE_2,27.4,2019-02-01 13:28:00
AQUA_226_TEMPERATURE_2,27.3,2019-02-01 14:09:14
AQUA_226_TEMPERATURE_2,27.5,2019-02-01 15:31:41
AQUA_226_TEMPERATURE_2,27.3,2019-02-01 16:13:01
AQUA_226_TEMPERATURE_2,27.4,2019-02-01 18:16:54
AQUA_226_TEMPERATURE_2,27.5,2019-02-01 18:58:13
AQUA_226_TEMPERATURE_2,27.4,2019-02-01 20:20:46
AQUA_226_TEMPERATURE_2,27.5,2019-02-01 21:02:12
AQUA_226_TEMPERATURE_2,27.4,2019-02-01 22:24:56
AQUA_226_TEMPERATURE_2,27.7,2019-02-01 23:06:16
AQUA_226_TEMPERATURE_2,27.6,2019-02-01 23:47:47
AQUA_226_TEMPERATURE_2,27.1,2019-02-02 00:29:18
AQUA_226_TEMPERATURE_2,27.4,2019-02-02 01:11:00
AQUA_226_TEMPERATURE_2,27.3,2019-02-02 01:52:43
AQUA_226_TEMPERATURE_2,27.4,2019-02-02 02:34:31
AQUA_226_TEMPERATURE_2,27.2,2019-02-02 03:58:01
AQUA_226_TEMPERATURE_2,27.1,2019-02-02 04:40:01
AQUA_226_TEMPERATURE_2,26.8,2019-02-02 06:03:59
AQUA_226_TEMPERATURE_2,26.9,2019-02-02 06:45:59
AQUA_226_TEMPERATURE_2,26.8,2019-02-02 07:27:47
AQUA_226_TEMPERATURE_2,26.7,2019-02-02 08:09:29
AQUA_226_TEMPERATURE_2,27,2019-02-02 08:50:54
AQUA_226_TEMPERATURE_2,27.5,2019-02-02 09:32:08
AQUA_226_TEMPERATURE_2,27.9,2019-02-02 10:13:28
AQUA_226_TEMPERATURE_2,27.8,2019-02-02 11:36:01
AQUA_226_TEMPERATURE_2,27.5,2019-02-02 12:58:35
AQUA_226_TEMPERATURE_2,27.2,2019-02-02 13:40:06
AQUA_226_TEMPERATURE_2,27,2019-02-02 15:03:13
AQUA_226_TEMPERATURE_2,27.2,2019-02-02 17:08:09
AQUA_226_TEMPERATURE_2,27.3,2019-02-02 17:49:46
AQUA_226_TEMPERATURE_2,27.5,2019-02-02 19:12:59
AQUA_226_TEMPERATURE_2,27.1,2019-02-02 19:54:36
AQUA_226_TEMPERATURE_2,27,2019-02-02 20:36:47
AQUA_226_TEMPERATURE_2,27.2,2019-02-02 21:18:52
AQUA_226_TEMPERATURE_2,27.3,2019-02-02 22:00:57
AQUA_226_TEMPERATURE_2,27.1,2019-02-02 22:43:08
AQUA_226_TEMPERATURE_2,26.9,2019-02-03 00:50:03
AQUA_226_TEMPERATURE_2,27,2019-02-03 02:14:41
AQUA_226_TEMPERATURE_2,26.9,2019-02-03 02:57:04
AQUA_226_TEMPERATURE_2,26.7,2019-02-03 03:39:26
AQUA_226_TEMPERATURE_2,26.6,2019-02-03 04:21:42
AQUA_226_TEMPERATURE_2,26.7,2019-02-03 05:03:47
AQUA_226_TEMPERATURE_2,26.6,2019-02-03 05:46:04
AQUA_226_TEMPERATURE_2,26.9,2019-02-03 07:10:25
AQUA_226_TEMPERATURE_2,27,2019-02-03 07:52:25
AQUA_226_TEMPERATURE_2,27.5,2019-02-03 08:34:07
AQUA_226_TEMPERATURE_2,27.1,2019-02-03 09:15:32
AQUA_226_TEMPERATURE_2,27.1,2019-02-03 10:06:36
AQUA_226_TEMPERATURE_2,22.9,2019-02-03 14:40:35
AQUA_226_TEMPERATURE_2,22.5,2019-02-03 15:22:00
AQUA_226_TEMPERATURE_2,21.8,2019-02-03 16:03:31
AQUA_226_TEMPERATURE_2,21.4,2019-02-03 16:45:08
AQUA_226_TEMPERATURE_2,21,2019-02-03 17:26:50
AQUA_226_TEMPERATURE_2,20.5,2019-02-03 18:08:31
AQUA_226_TEMPERATURE_2,20.1,2019-02-03 18:50:25
AQUA_226_TEMPERATURE_2,19.6,2019-02-03 19:32:18
AQUA_226_TEMPERATURE_2,19.2,2019-02-03 20:14:07
AQUA_226_TEMPERATURE_2,19,2019-02-03 20:56:06
AQUA_226_TEMPERATURE_2,18.6,2019-02-03 21:38:17
AQUA_226_TEMPERATURE_2,18.5,2019-02-03 22:20:33
AQUA_226_TEMPERATURE_2,18.1,2019-02-03 23:02:38
AQUA_226_TEMPERATURE_2,17.8,2019-02-03 23:44:49
AQUA_226_TEMPERATURE_2,17.6,2019-02-04 00:26:54
AQUA_226_TEMPERATURE_2,17.3,2019-02-04 01:08:59
AQUA_226_TEMPERATURE_2,17.2,2019-02-04 01:51:10
AQUA_226_TEMPERATURE_2,17.1,2019-02-04 02:33:26
AQUA_226_TEMPERATURE_2,16.9,2019-02-04 03:15:43
AQUA_226_TEMPERATURE_2,16.8,2019-02-04 03:57:59
AQUA_226_TEMPERATURE_2,16.6,2019-02-04 04:40:21
AQUA_226_TEMPERATURE_2,16.7,2019-02-04 05:22:55
AQUA_226_TEMPERATURE_2,16.5,2019-02-04 06:05:28
AQUA_226_TEMPERATURE_2,16.9,2019-02-04 08:12:08
AQUA_226_TEMPERATURE_2,17.5,2019-02-04 08:53:28
AQUA_226_TEMPERATURE_2,18.3,2019-02-04 09:34:25
AQUA_226_TEMPERATURE_2,19.2,2019-02-04 10:15:27
AQUA_226_TEMPERATURE_2,19.8,2019-02-04 10:56:41
AQUA_226_TEMPERATURE_2,20.5,2019-02-04 11:38:01
AQUA_226_TEMPERATURE_2,20.7,2019-02-04 12:19:37
AQUA_226_TEMPERATURE_2,21,2019-02-04 13:01:08
AQUA_226_TEMPERATURE_2,21.3,2019-02-04 13:42:39
AQUA_226_TEMPERATURE_2,21.7,2019-02-04 14:39:31
AQUA_227_TEMPERATURE_2,22.1,2019-01-18 11:51:11
AQUA_227_TEMPERATURE_2,25.9,2019-01-18 12:35:27
AQUA_227_TEMPERATURE_2,27.2,2019-01-18 13:18:40
AQUA_227_TEMPERATURE_2,27.5,2019-01-18 14:03:08
AQUA_227_TEMPERATURE_2,27.8,2019-01-18 14:47:58
AQUA_227_TEMPERATURE_2,27,2019-01-18 15:33:51
AQUA_227_TEMPERATURE_2,25,2019-01-18 16:18:40
AQUA_227_TEMPERATURE_2,24.7,2019-01-18 17:04:10
AQUA_227_TEMPERATURE_2,24.6,2019-01-18 17:48:04
AQUA_227_TEMPERATURE_2,24.4,2019-01-18 19:16:58
AQUA_227_TEMPERATURE_2,24.5,2019-01-18 20:06:55
AQUA_227_TEMPERATURE_2,24.3,2019-01-18 20:51:00
AQUA_227_TEMPERATURE_2,24.4,2019-01-18 21:34:59
AQUA_227_TEMPERATURE_2,24.3,2019-01-19 01:58:23
AQUA_227_TEMPERATURE_2,24.4,2019-01-19 04:50:48
AQUA_227_TEMPERATURE_2,24.5,2019-01-19 06:17:14
AQUA_227_TEMPERATURE_2,24.4,2019-01-19 07:00:33
AQUA_227_TEMPERATURE_2,24.1,2019-01-19 07:44:04
AQUA_227_TEMPERATURE_2,24.8,2019-01-19 09:07:57
AQUA_227_TEMPERATURE_2,27.3,2019-01-19 09:49:28
AQUA_227_TEMPERATURE_2,27.2,2019-01-19 09:52:47
AQUA_227_TEMPERATURE_2,28.3,2019-01-19 10:34:06
AQUA_227_TEMPERATURE_2,28.4,2019-01-19 11:15:43
AQUA_227_TEMPERATURE_2,28.5,2019-01-19 11:58:11
AQUA_227_TEMPERATURE_2,28.8,2019-01-19 12:40:22
AQUA_227_TEMPERATURE_2,27.7,2019-01-19 14:04:49
AQUA_227_TEMPERATURE_2,27.4,2019-01-19 14:47:11
AQUA_227_TEMPERATURE_2,27.2,2019-01-19 15:29:27
AQUA_227_TEMPERATURE_2,27.3,2019-01-19 16:11:44
AQUA_227_TEMPERATURE_2,27.5,2019-01-19 17:36:51
AQUA_227_TEMPERATURE_2,27.4,2019-01-19 18:19:41
AQUA_227_TEMPERATURE_2,27.5,2019-01-19 19:02:49
AQUA_227_TEMPERATURE_2,27.6,2019-01-19 19:46:08
AQUA_227_TEMPERATURE_2,27.4,2019-01-19 20:29:39
AQUA_227_TEMPERATURE_2,27.5,2019-01-19 21:13:09
AQUA_227_TEMPERATURE_2,27.2,2019-01-19 21:56:22
AQUA_227_TEMPERATURE_2,27.4,2019-01-19 22:39:41
AQUA_227_TEMPERATURE_2,27.3,2019-01-19 23:23:06
AQUA_227_TEMPERATURE_2,27.4,2019-01-20 00:06:42
AQUA_227_TEMPERATURE_2,27.1,2019-01-20 00:50:07
AQUA_227_TEMPERATURE_2,27.3,2019-01-20 02:59:41
AQUA_227_TEMPERATURE_2,27.2,2019-01-20 03:42:14
AQUA_227_TEMPERATURE_2,27.3,2019-01-20 04:24:53
AQUA_227_TEMPERATURE_2,27.4,2019-01-20 05:07:38
AQUA_227_TEMPERATURE_2,27.2,2019-01-20 05:50:17
AQUA_227_TEMPERATURE_2,26.9,2019-01-20 07:15:13
AQUA_227_TEMPERATURE_2,26.8,2019-01-20 07:57:12
AQUA_227_TEMPERATURE_2,26.9,2019-01-20 08:38:49
AQUA_227_TEMPERATURE_2,27.5,2019-01-20 09:20:05
AQUA_227_TEMPERATURE_2,27.6,2019-01-20 10:01:13
AQUA_227_TEMPERATURE_2,27.3,2019-01-20 10:42:16
AQUA_227_TEMPERATURE_2,26.8,2019-01-20 11:23:18
AQUA_227_TEMPERATURE_2,26.7,2019-01-20 12:04:26
AQUA_227_TEMPERATURE_2,27,2019-01-20 12:45:29
AQUA_227_TEMPERATURE_2,27.2,2019-01-20 14:06:14
AQUA_227_TEMPERATURE_2,27.2,2019-01-20 16:48:10
AQUA_227_TEMPERATURE_2,27.4,2019-01-20 16:49:29
AQUA_227_TEMPERATURE_2,27.2,2019-01-20 17:30:43
AQUA_227_TEMPERATURE_2,26.8,2019-01-20 18:11:56
AQUA_227_TEMPERATURE_2,26.7,2019-01-20 18:53:10
AQUA_227_TEMPERATURE_2,26.6,2019-01-20 20:16:01
AQUA_227_TEMPERATURE_2,26.8,2019-01-20 20:57:43
AQUA_227_TEMPERATURE_2,26.9,2019-01-20 21:39:31
AQUA_227_TEMPERATURE_2,26.8,2019-01-20 22:21:25
AQUA_227_TEMPERATURE_2,26.9,2019-01-20 23:03:25
AQUA_227_TEMPERATURE_2,27,2019-01-21 00:27:46
AQUA_227_TEMPERATURE_2,27.1,2019-01-21 01:52:02
AQUA_227_TEMPERATURE_2,27,2019-01-21 02:34:13
AQUA_227_TEMPERATURE_2,27.1,2019-01-21 03:58:12
AQUA_227_TEMPERATURE_2,27,2019-01-21 04:40:11
AQUA_227_TEMPERATURE_2,26.9,2019-01-21 05:22:16
AQUA_227_TEMPERATURE_2,26.8,2019-01-21 06:04:10
AQUA_227_TEMPERATURE_2,26.5,2019-01-21 07:27:57
AQUA_227_TEMPERATURE_2,26.6,2019-01-21 08:51:45
AQUA_227_TEMPERATURE_2,27.2,2019-01-21 12:43:01
AQUA_227_TEMPERATURE_2,27.5,2019-01-21 14:53:49
AQUA_227_TEMPERATURE_2,27.6,2019-01-21 15:35:15
AQUA_227_TEMPERATURE_2,27.7,2019-01-21 16:58:34
AQUA_227_TEMPERATURE_2,28,2019-01-21 17:40:16
AQUA_227_TEMPERATURE_2,27.8,2019-01-21 18:22:04
AQUA_227_TEMPERATURE_2,27.6,2019-01-21 19:03:52
AQUA_227_TEMPERATURE_2,27.5,2019-01-21 20:27:34
AQUA_227_TEMPERATURE_2,27.3,2019-01-21 21:09:16
AQUA_227_TEMPERATURE_2,27,2019-01-21 21:51:04
AQUA_227_TEMPERATURE_2,27.2,2019-01-21 22:32:58
AQUA_227_TEMPERATURE_2,27,2019-01-21 23:15:09
AQUA_227_TEMPERATURE_2,27.1,2019-01-21 23:57:20
AQUA_227_TEMPERATURE_2,27,2019-01-22 00:39:48
AQUA_227_TEMPERATURE_2,27.2,2019-01-22 01:22:04
AQUA_227_TEMPERATURE_2,27.3,2019-01-22 02:45:57
AQUA_227_TEMPERATURE_2,27,2019-01-22 03:27:45
AQUA_227_TEMPERATURE_2,27.1,2019-01-22 04:09:33
AQUA_227_TEMPERATURE_2,27.3,2019-01-22 04:51:15
AQUA_227_TEMPERATURE_2,27.1,2019-01-22 07:08:58
AQUA_227_TEMPERATURE_2,27.6,2019-01-22 09:31:48
AQUA_227_TEMPERATURE_2,28.2,2019-01-22 10:12:45
AQUA_227_TEMPERATURE_2,27.5,2019-01-22 10:53:30
AQUA_227_TEMPERATURE_2,27.3,2019-01-22 11:34:21
AQUA_227_TEMPERATURE_2,27,2019-01-22 12:15:18
AQUA_227_TEMPERATURE_2,27.5,2019-01-22 12:56:32
AQUA_227_TEMPERATURE_2,27.6,2019-01-22 13:37:58
AQUA_227_TEMPERATURE_2,27.7,2019-01-22 16:24:58
AQUA_227_TEMPERATURE_2,27.9,2019-01-22 17:06:46
AQUA_227_TEMPERATURE_2,27.7,2019-01-22 17:48:46
AQUA_227_TEMPERATURE_2,27.6,2019-01-22 18:30:22
AQUA_227_TEMPERATURE_2,27.3,2019-01-22 19:12:27
AQUA_227_TEMPERATURE_2,27.6,2019-01-22 19:54:21
AQUA_227_TEMPERATURE_2,27.5,2019-01-22 20:36:15
AQUA_227_TEMPERATURE_2,27.4,2019-01-22 22:42:58
AQUA_227_TEMPERATURE_2,27.6,2019-01-22 23:25:38
AQUA_227_TEMPERATURE_2,27.5,2019-01-23 00:08:28
AQUA_227_TEMPERATURE_2,27.3,2019-01-23 01:34:09
AQUA_227_TEMPERATURE_2,27.4,2019-01-23 03:42:35
AQUA_227_TEMPERATURE_2,27.3,2019-01-23 04:25:20
AQUA_227_TEMPERATURE_2,27.1,2019-01-23 06:34:20
AQUA_227_TEMPERATURE_2,26.9,2019-01-23 07:17:39
AQUA_227_TEMPERATURE_2,26.6,2019-01-23 08:00:53
AQUA_227_TEMPERATURE_2,26.7,2019-01-23 08:44:00
AQUA_227_TEMPERATURE_2,26.8,2019-01-23 09:26:56
AQUA_227_TEMPERATURE_2,27.7,2019-01-23 15:25:19
AQUA_227_TEMPERATURE_2,27.8,2019-01-23 16:07:24
AQUA_227_TEMPERATURE_2,27.1,2019-01-23 16:49:29
AQUA_227_TEMPERATURE_2,27,2019-01-23 17:31:40
AQUA_227_TEMPERATURE_2,27.1,2019-01-23 18:56:30
AQUA_227_TEMPERATURE_2,27,2019-01-23 19:38:58
AQUA_227_TEMPERATURE_2,27.2,2019-01-23 20:21:31
AQUA_227_TEMPERATURE_2,27.1,2019-01-23 21:04:27
AQUA_227_TEMPERATURE_2,27,2019-01-23 21:47:23
AQUA_227_TEMPERATURE_2,26.9,2019-01-23 22:30:14
AQUA_227_TEMPERATURE_2,27,2019-01-23 23:13:16
AQUA_227_TEMPERATURE_2,27.2,2019-01-24 00:38:57
AQUA_227_TEMPERATURE_2,27.1,2019-01-24 01:21:48
AQUA_227_TEMPERATURE_2,27.3,2019-01-24 02:04:33
AQUA_227_TEMPERATURE_2,27.1,2019-01-24 02:47:17
AQUA_227_TEMPERATURE_2,27.2,2019-01-24 03:29:51
AQUA_227_TEMPERATURE_2,27.1,2019-01-24 04:12:19
AQUA_227_TEMPERATURE_2,27.3,2019-01-24 04:54:30
AQUA_227_TEMPERATURE_2,27.2,2019-01-24 06:18:51
AQUA_227_TEMPERATURE_2,27.1,2019-01-24 07:01:13
AQUA_227_TEMPERATURE_2,27.2,2019-01-24 07:43:19
AQUA_227_TEMPERATURE_2,27.5,2019-01-24 08:25:24
AQUA_227_TEMPERATURE_2,27.1,2019-01-24 09:07:17
AQUA_227_TEMPERATURE_2,27.6,2019-01-24 09:49:11
AQUA_227_TEMPERATURE_2,27.4,2019-01-24 11:12:30
AQUA_227_TEMPERATURE_2,27.3,2019-01-24 11:54:18
AQUA_227_TEMPERATURE_2,27.4,2019-01-24 12:36:18
AQUA_227_TEMPERATURE_2,27.3,2019-01-24 13:18:05
AQUA_227_TEMPERATURE_2,27.1,2019-01-24 14:00:11
AQUA_227_TEMPERATURE_2,27.2,2019-01-24 15:24:26
AQUA_227_TEMPERATURE_2,27.3,2019-01-24 16:06:09
AQUA_227_TEMPERATURE_2,27.4,2019-01-24 16:47:45
AQUA_227_TEMPERATURE_2,27.2,2019-01-24 17:29:16
AQUA_227_TEMPERATURE_2,27.3,2019-01-24 18:10:42
AQUA_227_TEMPERATURE_2,27.4,2019-01-24 18:52:07
AQUA_227_TEMPERATURE_2,27.2,2019-01-24 19:33:32
AQUA_227_TEMPERATURE_2,27.4,2019-01-24 20:14:40
AQUA_227_TEMPERATURE_2,27.3,2019-01-24 20:55:49
AQUA_227_TEMPERATURE_2,27.2,2019-01-24 21:36:45
AQUA_227_TEMPERATURE_2,27.1,2019-01-24 22:18:05
AQUA_227_TEMPERATURE_2,26.7,2019-01-24 22:59:47
AQUA_227_TEMPERATURE_2,26.8,2019-01-25 00:23:23
AQUA_227_TEMPERATURE_2,26.7,2019-01-25 01:05:11
AQUA_227_TEMPERATURE_2,26.8,2019-01-25 01:46:59
AQUA_227_TEMPERATURE_2,26.9,2019-01-25 04:34:34
AQUA_227_TEMPERATURE_2,26.6,2019-01-25 05:16:39
AQUA_227_TEMPERATURE_2,26.3,2019-01-25 05:58:50
AQUA_227_TEMPERATURE_2,26.5,2019-01-25 06:41:01
AQUA_227_TEMPERATURE_2,26.6,2019-01-25 08:05:39
AQUA_227_TEMPERATURE_2,26.4,2019-01-25 08:47:38
AQUA_227_TEMPERATURE_2,26.5,2019-01-25 09:29:32
AQUA_227_TEMPERATURE_2,26.4,2019-01-25 10:20:26
AQUA_227_TEMPERATURE_2,26.7,2019-01-25 11:02:03
AQUA_227_TEMPERATURE_2,26.8,2019-01-25 11:43:40
AQUA_227_TEMPERATURE_2,27.1,2019-01-25 13:07:04
AQUA_227_TEMPERATURE_2,27,2019-01-25 13:48:52
AQUA_227_TEMPERATURE_2,27.3,2019-01-25 15:12:34
AQUA_227_TEMPERATURE_2,27.5,2019-01-25 15:54:22
AQUA_227_TEMPERATURE_2,27.2,2019-01-25 16:36:10
AQUA_227_TEMPERATURE_2,27.1,2019-01-25 17:59:23
AQUA_227_TEMPERATURE_2,27.3,2019-01-25 18:40:43
AQUA_227_TEMPERATURE_2,27.1,2019-01-25 19:22:08
AQUA_227_TEMPERATURE_2,27.2,2019-01-25 20:03:39
AQUA_227_TEMPERATURE_2,27,2019-01-25 21:28:23
AQUA_227_TEMPERATURE_2,27.2,2019-01-25 22:10:00
AQUA_227_TEMPERATURE_2,26.8,2019-01-25 23:33:30
AQUA_227_TEMPERATURE_2,27.1,2019-01-26 00:15:07
AQUA_227_TEMPERATURE_2,27,2019-01-26 00:56:44
AQUA_227_TEMPERATURE_2,27.3,2019-01-26 01:38:20
AQUA_227_TEMPERATURE_2,27.1,2019-01-26 02:19:51
AQUA_227_TEMPERATURE_2,27,2019-01-26 03:01:28
AQUA_227_TEMPERATURE_2,27.3,2019-01-26 03:43:05
AQUA_227_TEMPERATURE_2,27.1,2019-01-26 04:24:41
AQUA_227_TEMPERATURE_2,27.3,2019-01-26 05:47:55
AQUA_227_TEMPERATURE_2,27.2,2019-01-26 07:10:45
AQUA_227_TEMPERATURE_2,27.1,2019-01-26 07:52:16
AQUA_227_TEMPERATURE_2,26.8,2019-01-26 10:51:53
AQUA_227_TEMPERATURE_2,27,2019-01-26 11:33:18
AQUA_227_TEMPERATURE_2,27.2,2019-01-26 12:14:44
AQUA_227_TEMPERATURE_2,27.3,2019-01-26 13:37:17
AQUA_227_TEMPERATURE_2,27.5,2019-01-26 14:18:37
AQUA_227_TEMPERATURE_2,27.6,2019-01-26 14:59:51
AQUA_227_TEMPERATURE_2,27.5,2019-01-26 19:37:45
AQUA_227_TEMPERATURE_2,27.6,2019-01-26 22:12:20
AQUA_227_TEMPERATURE_2,27.5,2019-01-26 23:29:13
AQUA_227_TEMPERATURE_2,27.2,2019-01-27 01:33:23
AQUA_227_TEMPERATURE_2,27.3,2019-01-27 02:11:06
AQUA_227_TEMPERATURE_2,27.2,2019-01-27 02:47:36
AQUA_227_TEMPERATURE_2,27.4,2019-01-27 03:25:25
AQUA_227_TEMPERATURE_2,27.3,2019-01-27 04:03:09
AQUA_227_TEMPERATURE_2,27.1,2019-01-27 04:39:44
AQUA_227_TEMPERATURE_2,27.2,2019-01-27 05:14:54
AQUA_227_TEMPERATURE_2,27.3,2019-01-27 05:51:35
AQUA_227_TEMPERATURE_2,27.1,2019-01-27 06:28:15
AQUA_227_TEMPERATURE_2,27,2019-01-27 07:04:56
AQUA_227_TEMPERATURE_2,26.9,2019-01-27 07:42:51
AQUA_227_TEMPERATURE_2,27.2,2019-01-27 08:20:52
AQUA_227_TEMPERATURE_2,27.3,2019-01-27 08:58:52
AQUA_227_TEMPERATURE_2,27.2,2019-01-27 09:36:47
AQUA_227_TEMPERATURE_2,26.9,2019-01-27 12:18:01
AQUA_227_TEMPERATURE_2,26.8,2019-01-27 12:54:36
AQUA_227_TEMPERATURE_2,27.1,2019-01-27 13:32:37
AQUA_227_TEMPERATURE_2,27.2,2019-01-27 14:09:17
AQUA_227_TEMPERATURE_2,27.2,2019-01-27 17:47:18
AQUA_227_TEMPERATURE_2,27,2019-01-27 17:59:41
AQUA_227_TEMPERATURE_2,26.9,2019-01-27 18:40:49
AQUA_227_TEMPERATURE_2,27,2019-01-27 20:03:11
AQUA_227_TEMPERATURE_2,27.1,2019-01-27 20:44:19
AQUA_227_TEMPERATURE_2,26.9,2019-01-27 21:25:33
AQUA_227_TEMPERATURE_2,27.1,2019-01-27 22:06:47
AQUA_227_TEMPERATURE_2,26.9,2019-01-27 22:48:01
AQUA_227_TEMPERATURE_2,27,2019-01-27 23:29:20
AQUA_227_TEMPERATURE_2,26.9,2019-01-28 00:10:40
AQUA_227_TEMPERATURE_2,26.8,2019-01-28 01:33:30
AQUA_227_TEMPERATURE_2,26.7,2019-01-28 02:14:56
AQUA_227_TEMPERATURE_2,26.8,2019-01-28 02:56:15
AQUA_227_TEMPERATURE_2,26.9,2019-01-28 04:19:17
AQUA_227_TEMPERATURE_2,27,2019-01-28 05:00:54
AQUA_227_TEMPERATURE_2,27.1,2019-01-28 05:42:30
AQUA_227_TEMPERATURE_2,27,2019-01-28 06:24:07
AQUA_227_TEMPERATURE_2,27.2,2019-01-28 07:05:43
AQUA_227_TEMPERATURE_2,27.1,2019-01-28 07:47:14
AQUA_227_TEMPERATURE_2,27,2019-01-28 09:09:48
AQUA_227_TEMPERATURE_2,27.1,2019-01-28 09:51:02
AQUA_227_TEMPERATURE_2,27,2019-01-28 11:13:41
AQUA_227_TEMPERATURE_2,27.1,2019-01-28 11:55:06
AQUA_227_TEMPERATURE_2,27,2019-01-28 12:36:37
AQUA_227_TEMPERATURE_2,27.3,2019-01-28 13:18:02
AQUA_227_TEMPERATURE_2,27.2,2019-01-28 15:05:32
AQUA_227_TEMPERATURE_2,27.3,2019-01-28 15:46:51
AQUA_227_TEMPERATURE_2,27.2,2019-01-28 16:28:28
AQUA_227_TEMPERATURE_2,27.3,2019-01-28 17:51:07
AQUA_227_TEMPERATURE_2,27.2,2019-01-28 19:13:58
AQUA_227_TEMPERATURE_2,27.3,2019-01-28 19:55:23
AQUA_227_TEMPERATURE_2,27.4,2019-01-28 20:36:48
AQUA_227_TEMPERATURE_2,27.2,2019-01-28 21:18:36
AQUA_227_TEMPERATURE_2,27,2019-01-28 22:00:19
AQUA_227_TEMPERATURE_2,27.2,2019-01-28 22:42:01
AQUA_227_TEMPERATURE_2,27,2019-01-28 23:23:49
AQUA_227_TEMPERATURE_2,27.2,2019-01-29 00:47:36
AQUA_227_TEMPERATURE_2,27.1,2019-01-29 02:11:29
AQUA_227_TEMPERATURE_2,26.9,2019-01-29 04:17:33
AQUA_227_TEMPERATURE_2,26.8,2019-01-29 04:59:32
AQUA_227_TEMPERATURE_2,27,2019-01-29 05:41:32
AQUA_227_TEMPERATURE_2,26.9,2019-01-29 07:05:48
AQUA_227_TEMPERATURE_2,26.8,2019-01-29 07:47:36
AQUA_227_TEMPERATURE_2,27.1,2019-01-29 08:29:01
AQUA_227_TEMPERATURE_2,27,2019-01-29 10:00:52
AQUA_227_TEMPERATURE_2,26.8,2019-01-29 10:58:18
AQUA_227_TEMPERATURE_2,27.1,2019-01-29 11:40:00
AQUA_227_TEMPERATURE_2,27.6,2019-01-29 12:21:43
AQUA_227_TEMPERATURE_2,27.2,2019-01-29 13:03:31
AQUA_227_TEMPERATURE_2,27.3,2019-01-29 14:26:50
AQUA_227_TEMPERATURE_2,27.1,2019-01-29 15:50:20
AQUA_227_TEMPERATURE_2,27.2,2019-01-29 16:32:08
AQUA_227_TEMPERATURE_2,27.3,2019-01-29 17:14:08
AQUA_227_TEMPERATURE_2,27.1,2019-01-29 17:56:01
AQUA_227_TEMPERATURE_2,27.2,2019-01-29 18:38:01
AQUA_227_TEMPERATURE_2,27.1,2019-01-29 23:37:28
AQUA_227_TEMPERATURE_2,27.2,2019-01-30 00:17:20
AQUA_227_TEMPERATURE_2,27.3,2019-01-30 01:41:13
AQUA_227_TEMPERATURE_2,27.4,2019-01-30 02:23:24
AQUA_227_TEMPERATURE_2,27.1,2019-01-30 03:05:35
AQUA_227_TEMPERATURE_2,27.3,2019-01-30 03:47:45
AQUA_227_TEMPERATURE_2,27.2,2019-01-30 04:29:50
AQUA_227_TEMPERATURE_2,27.3,2019-01-30 05:12:01
AQUA_227_TEMPERATURE_2,27.2,2019-01-30 06:36:28
AQUA_227_TEMPERATURE_2,27.1,2019-01-30 07:18:39
AQUA_227_TEMPERATURE_2,27.4,2019-01-30 08:00:38
AQUA_227_TEMPERATURE_2,27,2019-01-30 08:42:21
AQUA_227_TEMPERATURE_2,26.9,2019-01-30 10:47:28
AQUA_227_TEMPERATURE_2,27.2,2019-01-30 11:29:16
AQUA_227_TEMPERATURE_2,27.5,2019-01-30 12:11:10
AQUA_227_TEMPERATURE_2,27.6,2019-01-30 12:52:58
AQUA_227_TEMPERATURE_2,27.5,2019-01-30 13:34:51
AQUA_227_TEMPERATURE_2,27.1,2019-01-30 16:57:19
AQUA_227_TEMPERATURE_2,27.2,2019-01-30 18:21:29
AQUA_227_TEMPERATURE_2,27.1,2019-01-30 19:03:34
AQUA_227_TEMPERATURE_2,26.8,2019-01-30 19:45:39
AQUA_227_TEMPERATURE_2,26.9,2019-01-30 20:27:44
AQUA_227_TEMPERATURE_2,27.1,2019-01-30 21:09:44
AQUA_227_TEMPERATURE_2,26.9,2019-01-30 21:51:49
AQUA_227_TEMPERATURE_2,27,2019-01-30 22:33:59
AQUA_227_TEMPERATURE_2,26.7,2019-01-30 23:16:05
AQUA_227_TEMPERATURE_2,26.6,2019-01-31 00:40:20
AQUA_227_TEMPERATURE_2,26.4,2019-01-31 01:22:20
AQUA_227_TEMPERATURE_2,26.7,2019-01-31 02:04:36
AQUA_227_TEMPERATURE_2,27,2019-01-31 04:11:26
AQUA_227_TEMPERATURE_2,26.7,2019-01-31 05:36:04
AQUA_227_TEMPERATURE_2,26.8,2019-01-31 07:44:19
AQUA_227_TEMPERATURE_2,27,2019-01-31 09:09:03
AQUA_227_TEMPERATURE_2,26.6,2019-01-31 09:51:14
AQUA_227_TEMPERATURE_2,26.4,2019-01-31 10:33:25
AQUA_227_TEMPERATURE_2,26.7,2019-01-31 11:15:36
AQUA_227_TEMPERATURE_2,26.8,2019-01-31 12:40:26
AQUA_227_TEMPERATURE_2,26.9,2019-01-31 14:05:44
AQUA_227_TEMPERATURE_2,26.7,2019-01-31 14:48:24
AQUA_227_TEMPERATURE_2,27,2019-01-31 16:57:30
AQUA_227_TEMPERATURE_2,26.7,2019-02-01 10:03:15
AQUA_227_TEMPERATURE_2,26.5,2019-02-01 10:44:46
AQUA_227_TEMPERATURE_2,26.4,2019-02-01 12:07:26
AQUA_227_TEMPERATURE_2,26.8,2019-02-01 12:48:34
AQUA_227_TEMPERATURE_2,26.6,2019-02-01 13:29:42
AQUA_227_TEMPERATURE_2,26.7,2019-02-01 14:52:10
AQUA_227_TEMPERATURE_2,26.9,2019-02-01 15:33:24
AQUA_227_TEMPERATURE_2,26.7,2019-02-01 16:55:57
AQUA_227_TEMPERATURE_2,26.9,2019-02-01 17:37:17
AQUA_227_TEMPERATURE_2,26.8,2019-02-01 18:18:36
AQUA_227_TEMPERATURE_2,27,2019-02-01 21:03:48
AQUA_227_TEMPERATURE_2,26.9,2019-02-01 21:45:14
AQUA_227_TEMPERATURE_2,27,2019-02-01 22:26:39
AQUA_227_TEMPERATURE_2,27.1,2019-02-01 23:07:58
AQUA_227_TEMPERATURE_2,26.8,2019-02-01 23:49:29
AQUA_227_TEMPERATURE_2,26.6,2019-02-02 00:31:00
AQUA_227_TEMPERATURE_2,26.7,2019-02-02 01:12:43
AQUA_227_TEMPERATURE_2,26.8,2019-02-02 03:17:55
AQUA_227_TEMPERATURE_2,26.6,2019-02-02 04:41:43
AQUA_227_TEMPERATURE_2,26.7,2019-02-02 06:47:41
AQUA_227_TEMPERATURE_2,26.5,2019-02-02 07:29:29
AQUA_227_TEMPERATURE_2,26.4,2019-02-02 08:11:11
AQUA_227_TEMPERATURE_2,26.6,2019-02-02 08:52:31
AQUA_227_TEMPERATURE_2,26.4,2019-02-02 09:33:51
AQUA_227_TEMPERATURE_2,26.2,2019-02-02 10:15:10
AQUA_227_TEMPERATURE_2,26.4,2019-02-02 11:37:44
AQUA_227_TEMPERATURE_2,26.5,2019-02-02 12:18:58
AQUA_227_TEMPERATURE_2,26.3,2019-02-02 13:00:12
AQUA_227_TEMPERATURE_2,26.2,2019-02-02 13:41:42
AQUA_227_TEMPERATURE_2,26.3,2019-02-02 14:23:25
AQUA_227_TEMPERATURE_2,26.4,2019-02-02 15:46:21
AQUA_227_TEMPERATURE_2,26.5,2019-02-02 16:28:15
AQUA_227_TEMPERATURE_2,26.6,2019-02-02 17:09:46
AQUA_227_TEMPERATURE_2,26.5,2019-02-02 17:51:23
AQUA_227_TEMPERATURE_2,26.4,2019-02-02 18:32:59
AQUA_227_TEMPERATURE_2,26.6,2019-02-02 19:14:36
AQUA_227_TEMPERATURE_2,26.4,2019-02-02 19:56:18
AQUA_227_TEMPERATURE_2,26.6,2019-02-02 20:38:29
AQUA_227_TEMPERATURE_2,26.4,2019-02-02 22:02:45
AQUA_227_TEMPERATURE_2,26.6,2019-02-02 22:44:56
AQUA_227_TEMPERATURE_2,26.4,2019-02-02 23:27:06
AQUA_227_TEMPERATURE_2,26.2,2019-02-03 00:09:23
AQUA_227_TEMPERATURE_2,26,2019-02-03 00:51:51
AQUA_227_TEMPERATURE_2,26.2,2019-02-03 01:34:13
AQUA_227_TEMPERATURE_2,26,2019-02-03 02:16:29
AQUA_227_TEMPERATURE_2,25.7,2019-02-03 03:41:08
AQUA_227_TEMPERATURE_2,25.9,2019-02-03 04:23:25
AQUA_227_TEMPERATURE_2,26,2019-02-03 05:05:35
AQUA_227_TEMPERATURE_2,25.8,2019-02-03 05:47:46
AQUA_227_TEMPERATURE_2,26.1,2019-02-03 06:30:03
AQUA_227_TEMPERATURE_2,26,2019-02-03 07:12:08
AQUA_227_TEMPERATURE_2,26.4,2019-02-03 07:54:07
AQUA_227_TEMPERATURE_2,26.2,2019-02-03 08:35:44
AQUA_227_TEMPERATURE_2,25.9,2019-02-03 09:17:15
AQUA_227_TEMPERATURE_2,25.9,2019-02-03 10:06:36
AQUA_227_TEMPERATURE_2,23.2,2019-02-03 14:42:17
AQUA_227_TEMPERATURE_2,22.5,2019-02-03 15:23:43
AQUA_227_TEMPERATURE_2,21.8,2019-02-03 16:05:14
AQUA_227_TEMPERATURE_2,21.3,2019-02-03 16:46:50
AQUA_227_TEMPERATURE_2,21,2019-02-03 17:28:30
AQUA_227_TEMPERATURE_2,20.5,2019-02-03 18:10:19
AQUA_227_TEMPERATURE_2,20.1,2019-02-03 18:52:07
AQUA_227_TEMPERATURE_2,19.7,2019-02-03 19:34:01
AQUA_227_TEMPERATURE_2,19.1,2019-02-03 20:15:49
AQUA_227_TEMPERATURE_2,19,2019-02-03 20:57:54
AQUA_227_TEMPERATURE_2,18.6,2019-02-03 21:40:05
AQUA_227_TEMPERATURE_2,18.2,2019-02-03 22:22:15
AQUA_227_TEMPERATURE_2,17.9,2019-02-03 23:04:20
AQUA_227_TEMPERATURE_2,17.7,2019-02-03 23:46:31
AQUA_227_TEMPERATURE_2,17.4,2019-02-04 00:28:36
AQUA_227_TEMPERATURE_2,17.2,2019-02-04 01:10:47
AQUA_227_TEMPERATURE_2,17,2019-02-04 01:52:58
AQUA_227_TEMPERATURE_2,16.9,2019-02-04 02:35:09
AQUA_227_TEMPERATURE_2,16.8,2019-02-04 03:17:31
AQUA_227_TEMPERATURE_2,16.6,2019-02-04 04:42:09
AQUA_227_TEMPERATURE_2,16.5,2019-02-04 05:24:43
AQUA_227_TEMPERATURE_2,16.4,2019-02-04 06:07:16
AQUA_227_TEMPERATURE_2,16.3,2019-02-04 06:49:40
AQUA_227_TEMPERATURE_2,16.4,2019-02-04 07:32:02
AQUA_227_TEMPERATURE_2,16.9,2019-02-04 08:13:50
AQUA_227_TEMPERATURE_2,17.7,2019-02-04 08:55:04
AQUA_227_TEMPERATURE_2,18.6,2019-02-04 09:36:07
AQUA_227_TEMPERATURE_2,19.6,2019-02-04 10:17:10
AQUA_227_TEMPERATURE_2,20.1,2019-02-04 10:58:18
AQUA_227_TEMPERATURE_2,20.6,2019-02-04 11:39:43
AQUA_227_TEMPERATURE_2,21.4,2019-02-04 12:21:20
AQUA_227_TEMPERATURE_2,21.6,2019-02-04 13:02:56
AQUA_227_TEMPERATURE_2,21.9,2019-02-04 13:44:21
AQUA_227_TEMPERATURE_2,22.1,2019-02-04 14:41:14
AQUA_228_TEMPERATURE_2,22.3,2019-01-18 11:53:05
AQUA_228_TEMPERATURE_2,22.8,2019-01-18 12:37:21
AQUA_228_TEMPERATURE_2,22.7,2019-01-18 13:20:34
AQUA_228_TEMPERATURE_2,22.4,2019-01-18 14:05:07
AQUA_228_TEMPERATURE_2,22.3,2019-01-18 14:49:52
AQUA_228_TEMPERATURE_2,22.2,2019-01-18 15:35:44
AQUA_228_TEMPERATURE_2,22.1,2019-01-18 16:20:40
AQUA_228_TEMPERATURE_2,22,2019-01-18 18:34:19
AQUA_228_TEMPERATURE_2,21.9,2019-01-18 20:08:49
AQUA_228_TEMPERATURE_2,21.7,2019-01-18 23:49:29
AQUA_228_TEMPERATURE_2,21.8,2019-01-19 00:33:39
AQUA_228_TEMPERATURE_2,21.7,2019-01-19 01:16:52
AQUA_228_TEMPERATURE_2,21.6,2019-01-19 02:43:24
AQUA_228_TEMPERATURE_2,21.5,2019-01-19 05:35:38
AQUA_228_TEMPERATURE_2,21.4,2019-01-19 06:18:57
AQUA_228_TEMPERATURE_2,21.3,2019-01-19 07:02:21
AQUA_228_TEMPERATURE_2,21,2019-01-19 07:45:52
AQUA_228_TEMPERATURE_2,21.3,2019-01-19 08:28:02
AQUA_228_TEMPERATURE_2,21.5,2019-01-19 09:09:39
AQUA_228_TEMPERATURE_2,21.7,2019-01-19 09:51:04
AQUA_228_TEMPERATURE_2,26.1,2019-01-19 10:35:49
AQUA_228_TEMPERATURE_2,27.6,2019-01-19 11:17:20
AQUA_228_TEMPERATURE_2,28.1,2019-01-19 12:41:58
AQUA_228_TEMPERATURE_2,28,2019-01-19 13:24:15
AQUA_228_TEMPERATURE_2,27.4,2019-01-19 14:06:31
AQUA_228_TEMPERATURE_2,27.3,2019-01-19 14:48:53
AQUA_228_TEMPERATURE_2,27.4,2019-01-19 15:31:10
AQUA_228_TEMPERATURE_2,27.7,2019-01-19 16:56:05
AQUA_228_TEMPERATURE_2,27.8,2019-01-19 18:21:24
AQUA_228_TEMPERATURE_2,27.9,2019-01-19 19:04:37
AQUA_228_TEMPERATURE_2,28,2019-01-19 19:47:56
AQUA_228_TEMPERATURE_2,27.7,2019-01-19 20:31:27
AQUA_228_TEMPERATURE_2,27.9,2019-01-19 21:14:57
AQUA_228_TEMPERATURE_2,27.6,2019-01-19 21:58:10
AQUA_228_TEMPERATURE_2,27.7,2019-01-19 22:41:29
AQUA_228_TEMPERATURE_2,27.8,2019-01-19 23:24:54
AQUA_228_TEMPERATURE_2,27.6,2019-01-20 00:08:30
AQUA_228_TEMPERATURE_2,27.4,2019-01-20 00:51:55
AQUA_228_TEMPERATURE_2,27.7,2019-01-20 01:35:20
AQUA_228_TEMPERATURE_2,27.9,2019-01-20 03:01:29
AQUA_228_TEMPERATURE_2,28,2019-01-20 05:52:00
AQUA_228_TEMPERATURE_2,27.9,2019-01-20 06:34:27
AQUA_228_TEMPERATURE_2,27.3,2019-01-20 07:16:55
AQUA_228_TEMPERATURE_2,27.1,2019-01-20 07:58:55
AQUA_228_TEMPERATURE_2,27.4,2019-01-20 08:40:26
AQUA_228_TEMPERATURE_2,27.6,2019-01-20 09:21:47
AQUA_228_TEMPERATURE_2,27.5,2019-01-20 10:02:50
AQUA_228_TEMPERATURE_2,27.3,2019-01-20 10:43:52
AQUA_228_TEMPERATURE_2,27.1,2019-01-20 11:25:00
AQUA_228_TEMPERATURE_2,27.4,2019-01-20 12:06:03
AQUA_228_TEMPERATURE_2,27.7,2019-01-20 13:28:08
AQUA_228_TEMPERATURE_2,28.1,2019-01-20 15:28:53
AQUA_228_TEMPERATURE_2,28,2019-01-20 16:09:56
AQUA_228_TEMPERATURE_2,28,2019-01-20 16:48:10
AQUA_228_TEMPERATURE_2,28.1,2019-01-20 16:51:05
AQUA_228_TEMPERATURE_2,28,2019-01-20 17:32:19
AQUA_228_TEMPERATURE_2,27.7,2019-01-20 18:13:33
AQUA_228_TEMPERATURE_2,27.8,2019-01-20 18:54:53
AQUA_228_TEMPERATURE_2,27.7,2019-01-20 20:17:43
AQUA_228_TEMPERATURE_2,27.9,2019-01-20 20:59:26
AQUA_228_TEMPERATURE_2,27.8,2019-01-20 22:23:07
AQUA_228_TEMPERATURE_2,27.7,2019-01-20 23:05:13
AQUA_228_TEMPERATURE_2,27.5,2019-01-20 23:47:18
AQUA_228_TEMPERATURE_2,27.6,2019-01-21 00:29:34
AQUA_228_TEMPERATURE_2,27.8,2019-01-21 01:53:44
AQUA_228_TEMPERATURE_2,27.9,2019-01-21 02:35:55
AQUA_228_TEMPERATURE_2,27.6,2019-01-21 03:17:55
AQUA_228_TEMPERATURE_2,27.5,2019-01-21 03:59:54
AQUA_228_TEMPERATURE_2,27.6,2019-01-21 04:41:59
AQUA_228_TEMPERATURE_2,27.5,2019-01-21 06:47:46
AQUA_228_TEMPERATURE_2,27.3,2019-01-21 07:29:40
AQUA_228_TEMPERATURE_2,27.4,2019-01-21 08:11:33
AQUA_228_TEMPERATURE_2,27.5,2019-01-21 08:53:27
AQUA_228_TEMPERATURE_2,27.9,2019-01-21 12:44:38
AQUA_228_TEMPERATURE_2,28.1,2019-01-21 13:26:15
AQUA_228_TEMPERATURE_2,28.5,2019-01-21 14:55:26
AQUA_228_TEMPERATURE_2,28.6,2019-01-21 16:18:34
AQUA_228_TEMPERATURE_2,28.7,2019-01-21 17:00:16
AQUA_228_TEMPERATURE_2,28.9,2019-01-21 17:41:58
AQUA_228_TEMPERATURE_2,28.8,2019-01-21 18:23:47
AQUA_228_TEMPERATURE_2,28.3,2019-01-21 19:47:28
AQUA_228_TEMPERATURE_2,28,2019-01-21 21:10:59
AQUA_228_TEMPERATURE_2,27.9,2019-01-21 21:52:47
AQUA_228_TEMPERATURE_2,28,2019-01-21 22:34:40
AQUA_228_TEMPERATURE_2,27.9,2019-01-21 23:16:51
AQUA_228_TEMPERATURE_2,27.8,2019-01-22 00:41:30
AQUA_228_TEMPERATURE_2,27.9,2019-01-22 02:05:46
AQUA_228_TEMPERATURE_2,28,2019-01-22 02:47:39
AQUA_228_TEMPERATURE_2,27.8,2019-01-22 03:29:28
AQUA_228_TEMPERATURE_2,28,2019-01-22 04:52:57
AQUA_228_TEMPERATURE_2,28.1,2019-01-22 05:34:57
AQUA_228_TEMPERATURE_2,28.2,2019-01-22 06:17:02
AQUA_228_TEMPERATURE_2,27.1,2019-01-22 07:10:40
AQUA_228_TEMPERATURE_2,26.8,2019-01-22 07:52:45
AQUA_228_TEMPERATURE_2,27,2019-01-22 08:52:22
AQUA_228_TEMPERATURE_2,27.7,2019-01-22 09:33:25
AQUA_228_TEMPERATURE_2,27.8,2019-01-22 10:14:22
AQUA_228_TEMPERATURE_2,27.9,2019-01-22 11:36:04
AQUA_228_TEMPERATURE_2,28,2019-01-22 12:17:01
AQUA_228_TEMPERATURE_2,28.3,2019-01-22 12:58:15
AQUA_228_TEMPERATURE_2,28.2,2019-01-22 13:39:40
AQUA_228_TEMPERATURE_2,28.1,2019-01-22 14:21:17
AQUA_228_TEMPERATURE_2,28.2,2019-01-22 15:02:53
AQUA_228_TEMPERATURE_2,28.3,2019-01-22 15:44:41
AQUA_228_TEMPERATURE_2,28.8,2019-01-22 16:26:41
AQUA_228_TEMPERATURE_2,28.6,2019-01-22 17:08:29
AQUA_228_TEMPERATURE_2,28.5,2019-01-22 17:50:28
AQUA_228_TEMPERATURE_2,28.4,2019-01-22 18:32:05
AQUA_228_TEMPERATURE_2,28.1,2019-01-22 19:14:10
AQUA_228_TEMPERATURE_2,28.5,2019-01-22 19:56:09
AQUA_228_TEMPERATURE_2,28.3,2019-01-22 21:20:13
AQUA_228_TEMPERATURE_2,28.1,2019-01-22 22:02:24
AQUA_228_TEMPERATURE_2,28.2,2019-01-22 22:44:41
AQUA_228_TEMPERATURE_2,28.1,2019-01-22 23:27:26
AQUA_228_TEMPERATURE_2,28,2019-01-23 00:10:16
AQUA_228_TEMPERATURE_2,27.9,2019-01-23 01:35:57
AQUA_228_TEMPERATURE_2,28,2019-01-23 02:18:54
AQUA_228_TEMPERATURE_2,27.9,2019-01-23 03:01:50
AQUA_228_TEMPERATURE_2,28,2019-01-23 04:27:08
AQUA_228_TEMPERATURE_2,27.7,2019-01-23 05:09:53
AQUA_228_TEMPERATURE_2,27.8,2019-01-23 05:53:01
AQUA_228_TEMPERATURE_2,28.1,2019-01-23 07:19:33
AQUA_228_TEMPERATURE_2,28.2,2019-01-23 08:45:48
AQUA_228_TEMPERATURE_2,28.7,2019-01-23 15:27:01
AQUA_228_TEMPERATURE_2,28.5,2019-01-23 16:09:06
AQUA_228_TEMPERATURE_2,27.8,2019-01-23 16:51:11
AQUA_228_TEMPERATURE_2,27.6,2019-01-23 17:33:28
AQUA_228_TEMPERATURE_2,27.4,2019-01-23 18:15:50
AQUA_228_TEMPERATURE_2,27.3,2019-01-23 18:58:18
AQUA_228_TEMPERATURE_2,27.2,2019-01-23 20:23:19
AQUA_228_TEMPERATURE_2,27.3,2019-01-23 21:06:15
AQUA_228_TEMPERATURE_2,27.4,2019-01-24 00:40:45
AQUA_228_TEMPERATURE_2,27.6,2019-01-24 02:06:21
AQUA_228_TEMPERATURE_2,27.5,2019-01-24 02:49:06
AQUA_228_TEMPERATURE_2,27.6,2019-01-24 03:31:33
AQUA_228_TEMPERATURE_2,27.5,2019-01-24 04:14:01
AQUA_228_TEMPERATURE_2,27.7,2019-01-24 04:56:12
AQUA_228_TEMPERATURE_2,27.6,2019-01-24 06:20:34
AQUA_228_TEMPERATURE_2,27.8,2019-01-24 07:02:56
AQUA_228_TEMPERATURE_2,27.7,2019-01-24 07:45:01
AQUA_228_TEMPERATURE_2,27.9,2019-01-24 08:27:06
AQUA_228_TEMPERATURE_2,28,2019-01-24 09:09:00
AQUA_228_TEMPERATURE_2,27.8,2019-01-24 09:50:54
AQUA_228_TEMPERATURE_2,27.5,2019-01-24 10:32:30
AQUA_228_TEMPERATURE_2,27.3,2019-01-24 11:56:00
AQUA_228_TEMPERATURE_2,27.5,2019-01-24 12:38:00
AQUA_228_TEMPERATURE_2,27.4,2019-01-24 14:01:53
AQUA_228_TEMPERATURE_2,27.6,2019-01-24 14:44:04
AQUA_228_TEMPERATURE_2,27.5,2019-01-24 15:26:09
AQUA_228_TEMPERATURE_2,27.6,2019-01-24 16:49:28
AQUA_228_TEMPERATURE_2,27.5,2019-01-24 17:30:53
AQUA_228_TEMPERATURE_2,27.6,2019-01-24 18:12:24
AQUA_228_TEMPERATURE_2,27.4,2019-01-24 18:53:49
AQUA_228_TEMPERATURE_2,27.6,2019-01-24 19:35:09
AQUA_228_TEMPERATURE_2,27.5,2019-01-24 20:57:25
AQUA_228_TEMPERATURE_2,27.6,2019-01-24 21:38:28
AQUA_228_TEMPERATURE_2,27.1,2019-01-24 22:19:47
AQUA_228_TEMPERATURE_2,26.9,2019-01-24 23:01:30
AQUA_228_TEMPERATURE_2,26.8,2019-01-24 23:43:18
AQUA_228_TEMPERATURE_2,26.9,2019-01-25 00:25:06
AQUA_228_TEMPERATURE_2,27,2019-01-25 01:06:54
AQUA_228_TEMPERATURE_2,27.1,2019-01-25 03:12:23
AQUA_228_TEMPERATURE_2,27,2019-01-25 03:54:17
AQUA_228_TEMPERATURE_2,26.9,2019-01-25 04:36:22
AQUA_228_TEMPERATURE_2,26.7,2019-01-25 05:18:22
AQUA_228_TEMPERATURE_2,26.8,2019-01-25 07:25:05
AQUA_228_TEMPERATURE_2,26.6,2019-01-25 08:49:26
AQUA_228_TEMPERATURE_2,26.7,2019-01-25 09:31:15
AQUA_228_TEMPERATURE_2,27,2019-01-25 10:22:09
AQUA_228_TEMPERATURE_2,26.8,2019-01-25 11:03:45
AQUA_228_TEMPERATURE_2,27,2019-01-25 12:27:04
AQUA_228_TEMPERATURE_2,27.3,2019-01-25 13:08:47
AQUA_228_TEMPERATURE_2,27.2,2019-01-25 13:50:40
AQUA_228_TEMPERATURE_2,27.4,2019-01-25 14:32:28
AQUA_228_TEMPERATURE_2,27.5,2019-01-25 15:14:16
AQUA_228_TEMPERATURE_2,27.6,2019-01-25 17:19:35
AQUA_228_TEMPERATURE_2,27.2,2019-01-25 18:01:06
AQUA_228_TEMPERATURE_2,27.4,2019-01-25 18:42:25
AQUA_228_TEMPERATURE_2,27.3,2019-01-25 19:23:51
AQUA_228_TEMPERATURE_2,27.4,2019-01-25 20:05:21
AQUA_228_TEMPERATURE_2,27.5,2019-01-25 20:47:27
AQUA_228_TEMPERATURE_2,27.4,2019-01-25 21:30:00
AQUA_228_TEMPERATURE_2,27.3,2019-01-25 22:11:42
AQUA_228_TEMPERATURE_2,27,2019-01-25 23:35:13
AQUA_228_TEMPERATURE_2,27.1,2019-01-26 00:16:49
AQUA_228_TEMPERATURE_2,27.2,2019-01-26 00:58:26
AQUA_228_TEMPERATURE_2,27.3,2019-01-26 01:40:03
AQUA_228_TEMPERATURE_2,27.1,2019-01-26 02:21:34
AQUA_228_TEMPERATURE_2,27.3,2019-01-26 03:44:47
AQUA_228_TEMPERATURE_2,27.4,2019-01-26 05:07:55
AQUA_228_TEMPERATURE_2,27.3,2019-01-26 07:12:28
AQUA_228_TEMPERATURE_2,27.2,2019-01-26 09:33:24
AQUA_228_TEMPERATURE_2,27.3,2019-01-26 10:13:30
AQUA_228_TEMPERATURE_2,27.6,2019-01-26 11:34:55
AQUA_228_TEMPERATURE_2,27.4,2019-01-26 12:16:26
AQUA_228_TEMPERATURE_2,27.9,2019-01-26 12:57:40
AQUA_228_TEMPERATURE_2,27.7,2019-01-26 13:38:59
AQUA_228_TEMPERATURE_2,28,2019-01-26 14:20:13
AQUA_228_TEMPERATURE_2,27.9,2019-01-26 15:01:33
AQUA_228_TEMPERATURE_2,28,2019-01-26 15:47:20
AQUA_228_TEMPERATURE_2,27.9,2019-01-26 19:39:27
AQUA_228_TEMPERATURE_2,27.8,2019-01-26 22:14:03
AQUA_228_TEMPERATURE_2,28,2019-01-27 00:17:44
AQUA_228_TEMPERATURE_2,27.9,2019-01-27 01:34:59
AQUA_228_TEMPERATURE_2,27.6,2019-01-27 02:12:43
AQUA_228_TEMPERATURE_2,27.8,2019-01-27 02:49:07
AQUA_228_TEMPERATURE_2,27.7,2019-01-27 03:26:56
AQUA_228_TEMPERATURE_2,27.6,2019-01-27 05:16:30
AQUA_228_TEMPERATURE_2,27.7,2019-01-27 06:29:47
AQUA_228_TEMPERATURE_2,27.5,2019-01-27 07:06:27
AQUA_228_TEMPERATURE_2,27.3,2019-01-27 09:38:24
AQUA_228_TEMPERATURE_2,27.4,2019-01-27 10:29:46
AQUA_228_TEMPERATURE_2,27.3,2019-01-27 11:06:22
AQUA_228_TEMPERATURE_2,27.4,2019-01-27 11:42:57
AQUA_228_TEMPERATURE_2,27.3,2019-01-27 12:19:32
AQUA_228_TEMPERATURE_2,27.4,2019-01-27 14:10:54
AQUA_228_TEMPERATURE_2,27.6,2019-01-27 14:51:45
AQUA_228_TEMPERATURE_2,27.7,2019-01-27 17:47:18
AQUA_228_TEMPERATURE_2,27.4,2019-01-27 18:01:18
AQUA_228_TEMPERATURE_2,27.2,2019-01-27 18:42:26
AQUA_228_TEMPERATURE_2,27.5,2019-01-27 20:04:53
AQUA_228_TEMPERATURE_2,27.3,2019-01-27 20:46:02
AQUA_228_TEMPERATURE_2,27.4,2019-01-27 21:27:16
AQUA_228_TEMPERATURE_2,27.3,2019-01-27 22:49:43
AQUA_228_TEMPERATURE_2,27.2,2019-01-28 00:53:47
AQUA_228_TEMPERATURE_2,27.1,2019-01-28 01:35:07
AQUA_228_TEMPERATURE_2,27.2,2019-01-28 04:20:59
AQUA_228_TEMPERATURE_2,27.3,2019-01-28 05:02:36
AQUA_228_TEMPERATURE_2,27.4,2019-01-28 05:44:13
AQUA_228_TEMPERATURE_2,27.3,2019-01-28 06:25:49
AQUA_228_TEMPERATURE_2,27.1,2019-01-28 07:07:26
AQUA_228_TEMPERATURE_2,27.4,2019-01-28 07:48:57
AQUA_228_TEMPERATURE_2,27.6,2019-01-28 09:11:30
AQUA_228_TEMPERATURE_2,27.5,2019-01-28 11:56:49
AQUA_228_TEMPERATURE_2,27.7,2019-01-28 12:38:20
AQUA_228_TEMPERATURE_2,27.5,2019-01-28 14:01:10
AQUA_228_TEMPERATURE_2,27.4,2019-01-28 15:07:14
AQUA_228_TEMPERATURE_2,27.6,2019-01-28 15:48:34
AQUA_228_TEMPERATURE_2,27.5,2019-01-28 16:30:10
AQUA_228_TEMPERATURE_2,27.4,2019-01-28 17:11:30
AQUA_228_TEMPERATURE_2,27.6,2019-01-28 17:52:50
AQUA_228_TEMPERATURE_2,27.7,2019-01-28 18:34:09
AQUA_228_TEMPERATURE_2,27.6,2019-01-28 19:15:35
AQUA_228_TEMPERATURE_2,27.5,2019-01-28 19:57:00
AQUA_228_TEMPERATURE_2,27.7,2019-01-28 21:20:13
AQUA_228_TEMPERATURE_2,27.6,2019-01-28 22:02:01
AQUA_228_TEMPERATURE_2,27.4,2019-01-28 22:43:43
AQUA_228_TEMPERATURE_2,27.7,2019-01-28 23:25:31
AQUA_228_TEMPERATURE_2,27.4,2019-01-29 00:07:19
AQUA_228_TEMPERATURE_2,27.6,2019-01-29 00:49:18
AQUA_228_TEMPERATURE_2,27.5,2019-01-29 01:31:18
AQUA_228_TEMPERATURE_2,27.7,2019-01-29 02:13:12
AQUA_228_TEMPERATURE_2,27.5,2019-01-29 02:55:11
AQUA_228_TEMPERATURE_2,27.2,2019-01-29 04:19:16
AQUA_228_TEMPERATURE_2,27.3,2019-01-29 05:01:15
AQUA_228_TEMPERATURE_2,27.4,2019-01-29 05:43:14
AQUA_228_TEMPERATURE_2,27.3,2019-01-29 07:07:24
AQUA_228_TEMPERATURE_2,27.2,2019-01-29 07:49:18
AQUA_228_TEMPERATURE_2,27.4,2019-01-29 08:30:38
AQUA_228_TEMPERATURE_2,27.2,2019-01-29 10:59:55
AQUA_228_TEMPERATURE_2,27.6,2019-01-29 11:41:37
AQUA_228_TEMPERATURE_2,27.7,2019-01-29 12:23:25
AQUA_228_TEMPERATURE_2,27.6,2019-01-29 13:05:13
AQUA_228_TEMPERATURE_2,27.5,2019-01-29 14:28:27
AQUA_228_TEMPERATURE_2,27.4,2019-01-29 15:10:14
AQUA_228_TEMPERATURE_2,27.3,2019-01-29 15:52:03
AQUA_228_TEMPERATURE_2,27.5,2019-01-29 16:33:51
AQUA_228_TEMPERATURE_2,27.3,2019-01-29 17:57:44
AQUA_228_TEMPERATURE_2,27.2,2019-01-29 23:37:28
AQUA_228_TEMPERATURE_2,27.1,2019-01-30 00:19:02
AQUA_228_TEMPERATURE_2,27.2,2019-01-30 01:00:45
AQUA_228_TEMPERATURE_2,27.3,2019-01-30 01:42:55
AQUA_228_TEMPERATURE_2,27.5,2019-01-30 02:25:06
AQUA_228_TEMPERATURE_2,27.3,2019-01-30 03:49:28
AQUA_228_TEMPERATURE_2,27.1,2019-01-30 04:31:33
AQUA_228_TEMPERATURE_2,27.2,2019-01-30 05:13:44
AQUA_228_TEMPERATURE_2,27.3,2019-01-30 05:56:00
AQUA_228_TEMPERATURE_2,27.4,2019-01-30 06:38:16
AQUA_228_TEMPERATURE_2,27.5,2019-01-30 07:20:22
AQUA_228_TEMPERATURE_2,27.2,2019-01-30 10:49:10
AQUA_228_TEMPERATURE_2,27.5,2019-01-30 11:30:58
AQUA_228_TEMPERATURE_2,27.6,2019-01-30 12:12:52
AQUA_228_TEMPERATURE_2,27.9,2019-01-30 12:54:40
AQUA_228_TEMPERATURE_2,27.8,2019-01-30 13:36:28
AQUA_228_TEMPERATURE_2,27.7,2019-01-30 18:23:11
AQUA_228_TEMPERATURE_2,27.5,2019-01-30 19:05:17
AQUA_228_TEMPERATURE_2,27,2019-01-30 19:47:22
AQUA_228_TEMPERATURE_2,26.8,2019-01-30 20:29:27
AQUA_228_TEMPERATURE_2,27,2019-01-30 21:11:32
AQUA_228_TEMPERATURE_2,26.9,2019-01-30 22:35:42
AQUA_228_TEMPERATURE_2,27,2019-01-30 23:17:47
AQUA_228_TEMPERATURE_2,26.8,2019-01-30 23:59:52
AQUA_228_TEMPERATURE_2,26.6,2019-01-31 00:42:03
AQUA_228_TEMPERATURE_2,26.7,2019-01-31 01:24:02
AQUA_228_TEMPERATURE_2,26.5,2019-01-31 02:06:19
AQUA_228_TEMPERATURE_2,26.6,2019-01-31 02:48:35
AQUA_228_TEMPERATURE_2,26.8,2019-01-31 03:30:57
AQUA_228_TEMPERATURE_2,26.9,2019-01-31 04:55:25
AQUA_228_TEMPERATURE_2,27,2019-01-31 05:37:47
AQUA_228_TEMPERATURE_2,26.8,2019-01-31 06:20:26
AQUA_228_TEMPERATURE_2,27,2019-01-31 07:46:02
AQUA_228_TEMPERATURE_2,26.8,2019-01-31 08:28:29
AQUA_228_TEMPERATURE_2,26.9,2019-01-31 09:10:46
AQUA_228_TEMPERATURE_2,27.1,2019-01-31 10:35:08
AQUA_228_TEMPERATURE_2,27,2019-01-31 11:17:18
AQUA_228_TEMPERATURE_2,27.1,2019-01-31 11:59:41
AQUA_228_TEMPERATURE_2,27.2,2019-01-31 12:42:08
AQUA_228_TEMPERATURE_2,27.1,2019-01-31 13:24:48
AQUA_228_TEMPERATURE_2,26.9,2019-01-31 14:07:27
AQUA_228_TEMPERATURE_2,26.5,2019-01-31 15:32:57
AQUA_228_TEMPERATURE_2,26.9,2019-01-31 16:15:47
AQUA_228_TEMPERATURE_2,27,2019-01-31 16:59:23
AQUA_228_TEMPERATURE_2,26.8,2019-02-01 10:04:58
AQUA_228_TEMPERATURE_2,26.9,2019-02-01 10:46:29
AQUA_228_TEMPERATURE_2,27.2,2019-02-01 12:50:11
AQUA_228_TEMPERATURE_2,27,2019-02-01 13:31:24
AQUA_228_TEMPERATURE_2,26.9,2019-02-01 14:12:38
AQUA_228_TEMPERATURE_2,27,2019-02-01 14:53:52
AQUA_228_TEMPERATURE_2,27.1,2019-02-01 16:57:39
AQUA_228_TEMPERATURE_2,27.2,2019-02-01 17:38:59
AQUA_228_TEMPERATURE_2,27.1,2019-02-01 19:42:51
AQUA_228_TEMPERATURE_2,27.2,2019-02-01 21:05:31
AQUA_228_TEMPERATURE_2,27.1,2019-02-01 21:46:50
AQUA_228_TEMPERATURE_2,27.2,2019-02-01 22:28:16
AQUA_228_TEMPERATURE_2,27.5,2019-02-01 23:09:41
AQUA_228_TEMPERATURE_2,27,2019-02-01 23:51:06
AQUA_228_TEMPERATURE_2,26.6,2019-02-02 00:32:43
AQUA_228_TEMPERATURE_2,27,2019-02-02 01:14:25
AQUA_228_TEMPERATURE_2,27.1,2019-02-02 01:56:07
AQUA_228_TEMPERATURE_2,27,2019-02-02 02:37:55
AQUA_228_TEMPERATURE_2,26.9,2019-02-02 04:01:26
AQUA_228_TEMPERATURE_2,26.6,2019-02-02 04:43:25
AQUA_228_TEMPERATURE_2,26.8,2019-02-02 05:25:25
AQUA_228_TEMPERATURE_2,26.9,2019-02-02 06:07:24
AQUA_228_TEMPERATURE_2,26.7,2019-02-02 07:31:12
AQUA_228_TEMPERATURE_2,26.6,2019-02-02 08:12:54
AQUA_228_TEMPERATURE_2,26.9,2019-02-02 08:54:13
AQUA_228_TEMPERATURE_2,27,2019-02-02 10:16:47
AQUA_228_TEMPERATURE_2,26.8,2019-02-02 12:20:40
AQUA_228_TEMPERATURE_2,27.2,2019-02-02 13:01:54
AQUA_228_TEMPERATURE_2,27,2019-02-02 13:43:25
AQUA_228_TEMPERATURE_2,26.9,2019-02-02 14:25:07
AQUA_228_TEMPERATURE_2,27,2019-02-02 19:16:24
AQUA_228_TEMPERATURE_2,26.7,2019-02-02 19:58:06
AQUA_228_TEMPERATURE_2,26.8,2019-02-02 20:40:11
AQUA_228_TEMPERATURE_2,26.9,2019-02-02 21:22:16
AQUA_228_TEMPERATURE_2,27,2019-02-02 22:46:38
AQUA_228_TEMPERATURE_2,26.8,2019-02-02 23:28:49
AQUA_228_TEMPERATURE_2,26.6,2019-02-03 00:11:11
AQUA_228_TEMPERATURE_2,26.7,2019-02-03 00:53:39
AQUA_228_TEMPERATURE_2,26.5,2019-02-03 01:35:55
AQUA_228_TEMPERATURE_2,26.1,2019-02-03 03:42:56
AQUA_228_TEMPERATURE_2,26.2,2019-02-03 04:25:07
AQUA_228_TEMPERATURE_2,26.4,2019-02-03 05:07:18
AQUA_228_TEMPERATURE_2,26.2,2019-02-03 05:49:29
AQUA_228_TEMPERATURE_2,26.5,2019-02-03 06:31:45
AQUA_228_TEMPERATURE_2,26.4,2019-02-03 07:13:56
AQUA_228_TEMPERATURE_2,26.6,2019-02-03 07:55:55
AQUA_228_TEMPERATURE_2,26.8,2019-02-03 08:37:26
AQUA_228_TEMPERATURE_2,25.6,2019-02-03 09:18:52
AQUA_228_TEMPERATURE_2,25.6,2019-02-03 10:06:36
AQUA_228_TEMPERATURE_2,22.8,2019-02-03 14:43:54
AQUA_228_TEMPERATURE_2,22.3,2019-02-03 15:25:25
AQUA_228_TEMPERATURE_2,21.6,2019-02-03 16:06:56
AQUA_228_TEMPERATURE_2,21.3,2019-02-03 16:48:33
AQUA_228_TEMPERATURE_2,20.9,2019-02-03 17:30:13
AQUA_228_TEMPERATURE_2,20.4,2019-02-03 18:12:02
AQUA_228_TEMPERATURE_2,19.9,2019-02-03 18:53:55
AQUA_228_TEMPERATURE_2,19.5,2019-02-03 19:35:43
AQUA_228_TEMPERATURE_2,19,2019-02-03 20:17:37
AQUA_228_TEMPERATURE_2,18.7,2019-02-03 20:59:36
AQUA_228_TEMPERATURE_2,18.4,2019-02-03 21:41:47
AQUA_228_TEMPERATURE_2,18,2019-02-03 22:23:58
AQUA_228_TEMPERATURE_2,17.8,2019-02-03 23:06:09
AQUA_228_TEMPERATURE_2,17.5,2019-02-03 23:48:14
AQUA_228_TEMPERATURE_2,17.2,2019-02-04 00:30:19
AQUA_228_TEMPERATURE_2,17,2019-02-04 01:12:30
AQUA_228_TEMPERATURE_2,16.9,2019-02-04 01:54:40
AQUA_228_TEMPERATURE_2,16.7,2019-02-04 02:36:57
AQUA_228_TEMPERATURE_2,16.6,2019-02-04 04:01:30
AQUA_228_TEMPERATURE_2,16.5,2019-02-04 04:43:57
AQUA_228_TEMPERATURE_2,16.4,2019-02-04 05:26:25
AQUA_228_TEMPERATURE_2,16.9,2019-02-04 08:15:39
AQUA_228_TEMPERATURE_2,17.8,2019-02-04 08:56:47
AQUA_228_TEMPERATURE_2,18.7,2019-02-04 09:37:49
AQUA_228_TEMPERATURE_2,19.8,2019-02-04 10:18:52
AQUA_228_TEMPERATURE_2,20.9,2019-02-04 11:00:00
AQUA_228_TEMPERATURE_2,21.1,2019-02-04 11:41:31
AQUA_228_TEMPERATURE_2,21.8,2019-02-04 12:23:02
AQUA_228_TEMPERATURE_2,22.5,2019-02-04 13:04:39
AQUA_228_TEMPERATURE_2,22.8,2019-02-04 13:46:09
AQUA_228_TEMPERATURE_2,22.9,2019-02-04 14:42:56